2026-08-29 18:36:45,605 INFO Starting Nacos v2.3.2 using Java 17.0.18 on User-2024MIITDV with PID 23640 (C:\Users\Administrator\Desktop\workstudy\shortlink-main\nacos\target\nacos-server.jar started by Administrator in C:\Users\Administrator\Desktop\workstudy\shortlink-main\nacos\bin)

2026-08-29 18:36:45,605 INFO The following 1 profile is active: "standalone"

2026-08-29 18:36:45,709 INFO Load Nacos package exclude filter success, package prefix com.alibaba.nacos.config.server, filter com.alibaba.nacos.config.server.filter.ConfigEnabledFilter

2026-08-29 18:36:45,709 INFO Load Nacos package exclude filter success, package prefix com.alibaba.nacos.naming, filter com.alibaba.nacos.naming.config.NamingEnabledFilter

2026-08-29 18:36:45,709 INFO Load Nacos package exclude filter success, package prefix com.alibaba.nacos.istio, filter com.alibaba.nacos.istio.config.IstioEnabledFilter

2026-08-29 18:36:45,835 INFO Skip @SpringBootApplication annotation for class com.alibaba.nacos.config.server.Config to avoid duplicate scan

2026-08-29 18:36:45,925 INFO Skip @SpringBootApplication annotation for class com.alibaba.nacos.naming.NamingApp to avoid duplicate scan

2026-08-29 18:36:45,935 INFO Skip @SpringBootApplication annotation for class com.alibaba.nacos.cmdb.CmdbApp to avoid duplicate scan

2026-08-29 18:36:45,944 WARN Istio module disabled because set nacos.extension.naming.istio.enabled as false

2026-08-29 18:36:45,944 WARN Istio module disabled because set nacos.extension.naming.istio.enabled as false

2026-08-29 18:36:45,945 WARN Istio module disabled because set nacos.extension.naming.istio.enabled as false

2026-08-29 18:36:45,945 WARN Istio module disabled because set nacos.extension.naming.istio.enabled as false

2026-08-29 18:36:45,945 WARN Istio module disabled because set nacos.extension.naming.istio.enabled as false

2026-08-29 18:36:45,945 WARN Istio module disabled because set nacos.extension.naming.istio.enabled as false

2026-08-29 18:36:45,945 WARN Istio module disabled because set nacos.extension.naming.istio.enabled as false

2026-08-29 18:36:45,945 WARN Istio module disabled because set nacos.extension.naming.istio.enabled as false

2026-08-29 18:36:45,945 WARN Istio module disabled because set nacos.extension.naming.istio.enabled as false

2026-08-29 18:36:45,945 WARN Istio module disabled because set nacos.extension.naming.istio.enabled as false

2026-08-29 18:36:45,946 WARN Istio module disabled because set nacos.extension.naming.istio.enabled as false

2026-08-29 18:36:45,946 WARN Istio module disabled because set nacos.extension.naming.istio.enabled as false

2026-08-29 18:36:45,946 WARN Istio module disabled because set nacos.extension.naming.istio.enabled as false

2026-08-29 18:36:45,946 WARN Istio module disabled because set nacos.extension.naming.istio.enabled as false

2026-08-29 18:36:45,946 WARN Istio module disabled because set nacos.extension.naming.istio.enabled as false

2026-08-29 18:36:45,946 WARN Istio module disabled because set nacos.extension.naming.istio.enabled as false

2026-08-29 18:36:45,946 WARN Istio module disabled because set nacos.extension.naming.istio.enabled as false

2026-08-29 18:36:45,946 WARN Istio module disabled because set nacos.extension.naming.istio.enabled as false

2026-08-29 18:36:45,946 WARN Istio module disabled because set nacos.extension.naming.istio.enabled as false

2026-08-29 18:36:45,946 WARN Istio module disabled because set nacos.extension.naming.istio.enabled as false

2026-08-29 18:36:45,946 WARN Istio module disabled because set nacos.extension.naming.istio.enabled as false

2026-08-29 18:36:45,946 WARN Istio module disabled because set nacos.extension.naming.istio.enabled as false

2026-08-29 18:36:45,946 WARN Istio module disabled because set nacos.extension.naming.istio.enabled as false

2026-08-29 18:36:45,947 WARN Istio module disabled because set nacos.extension.naming.istio.enabled as false

2026-08-29 18:36:45,947 WARN Istio module disabled because set nacos.extension.naming.istio.enabled as false

2026-08-29 18:36:45,947 INFO Skip @SpringBootApplication annotation for class com.alibaba.nacos.istio.IstioApp to avoid duplicate scan

2026-08-29 18:36:45,947 WARN Istio module disabled because set nacos.extension.naming.istio.enabled as false

2026-08-29 18:36:45,947 WARN Istio module disabled because set nacos.extension.naming.istio.enabled as false

2026-08-29 18:36:45,947 WARN Istio module disabled because set nacos.extension.naming.istio.enabled as false

2026-08-29 18:36:45,947 WARN Istio module disabled because set nacos.extension.naming.istio.enabled as false

2026-08-29 18:36:45,947 WARN Istio module disabled because set nacos.extension.naming.istio.enabled as false

2026-08-29 18:36:45,947 WARN Istio module disabled because set nacos.extension.naming.istio.enabled as false

2026-08-29 18:36:45,947 WARN Istio module disabled because set nacos.extension.naming.istio.enabled as false

2026-08-29 18:36:45,947 WARN Istio module disabled because set nacos.extension.naming.istio.enabled as false

2026-08-29 18:36:45,948 WARN Istio module disabled because set nacos.extension.naming.istio.enabled as false

2026-08-29 18:36:45,948 WARN Istio module disabled because set nacos.extension.naming.istio.enabled as false

2026-08-29 18:36:45,948 WARN Istio module disabled because set nacos.extension.naming.istio.enabled as false

2026-08-29 18:36:46,198 INFO Skip @SpringBootApplication annotation for class com.alibaba.nacos.prometheus.PrometheusApp to avoid duplicate scan

2026-08-29 18:36:47,656 INFO Tomcat initialized with port(s): 8848 (http)

2026-08-29 18:36:47,839 INFO Starting service [Tomcat]

2026-08-29 18:36:47,839 INFO Starting Servlet engine: [Apache Tomcat/9.0.83]

2026-08-29 18:36:47,927 INFO Initializing Spring embedded WebApplicationContext

2026-08-29 18:36:47,927 INFO Root WebApplicationContext: initialization completed in 2280 ms

2026-08-29 18:36:48,125 INFO Nacos-related cluster resource initialization

2026-08-29 18:36:48,129 INFO Load com.alibaba.nacos.core.ability.RemoteAbilityInitializer for ServerAbilityInitializer

2026-08-29 18:36:48,129 INFO Load com.alibaba.nacos.naming.ability.NamingAbilityInitializer for ServerAbilityInitializer

2026-08-29 18:36:48,134 INFO The cluster resource is initialized

2026-08-29 18:36:48,601 INFO HikariPool-1 - Starting...

2026-08-29 18:36:48,606 WARN Registered driver with driverClassName=org.apache.derby.jdbc.EmbeddedDriver was not found, trying direct instantiation.

2026-08-29 18:36:49,004 INFO HikariPool-1 - Driver does not support get/set network timeout for connections. (Feature not implemented: No details.)

2026-08-29 18:36:49,008 INFO HikariPool-1 - Start completed.

2026-08-29 18:36:49,360 INFO [MapperManager] Load Mapper(class com.alibaba.nacos.plugin.datasource.impl.mysql.ConfigInfoAggrMapperByMySql) datasource(mysql) tableName(config_info_aggr) successfully.

2026-08-29 18:36:49,360 INFO [MapperManager] Load Mapper(class com.alibaba.nacos.plugin.datasource.impl.mysql.ConfigInfoBetaMapperByMySql) datasource(mysql) tableName(config_info_beta) successfully.

2026-08-29 18:36:49,360 INFO [MapperManager] Load Mapper(class com.alibaba.nacos.plugin.datasource.impl.mysql.ConfigInfoMapperByMySql) datasource(mysql) tableName(config_info) successfully.

2026-08-29 18:36:49,360 INFO [MapperManager] Load Mapper(class com.alibaba.nacos.plugin.datasource.impl.mysql.ConfigInfoTagMapperByMySql) datasource(mysql) tableName(config_info_tag) successfully.

2026-08-29 18:36:49,360 INFO [MapperManager] Load Mapper(class com.alibaba.nacos.plugin.datasource.impl.mysql.ConfigTagsRelationMapperByMySql) datasource(mysql) tableName(config_tags_relation) successfully.

2026-08-29 18:36:49,360 INFO [MapperManager] Load Mapper(class com.alibaba.nacos.plugin.datasource.impl.mysql.HistoryConfigInfoMapperByMySql) datasource(mysql) tableName(his_config_info) successfully.

2026-08-29 18:36:49,360 INFO [MapperManager] Load Mapper(class com.alibaba.nacos.plugin.datasource.impl.mysql.TenantInfoMapperByMySql) datasource(mysql) tableName(tenant_info) successfully.

2026-08-29 18:36:49,360 INFO [MapperManager] Load Mapper(class com.alibaba.nacos.plugin.datasource.impl.mysql.TenantCapacityMapperByMySql) datasource(mysql) tableName(tenant_capacity) successfully.

2026-08-29 18:36:49,360 INFO [MapperManager] Load Mapper(class com.alibaba.nacos.plugin.datasource.impl.mysql.GroupCapacityMapperByMysql) datasource(mysql) tableName(group_capacity) successfully.

2026-08-29 18:36:49,360 INFO [MapperManager] Load Mapper(class com.alibaba.nacos.plugin.datasource.impl.derby.ConfigInfoAggrMapperByDerby) datasource(derby) tableName(config_info_aggr) successfully.

2026-08-29 18:36:49,360 INFO [MapperManager] Load Mapper(class com.alibaba.nacos.plugin.datasource.impl.derby.ConfigInfoBetaMapperByDerby) datasource(derby) tableName(config_info_beta) successfully.

2026-08-29 18:36:49,360 INFO [MapperManager] Load Mapper(class com.alibaba.nacos.plugin.datasource.impl.derby.ConfigInfoMapperByDerby) datasource(derby) tableName(config_info) successfully.

2026-08-29 18:36:49,360 INFO [MapperManager] Load Mapper(class com.alibaba.nacos.plugin.datasource.impl.derby.ConfigInfoTagMapperByDerby) datasource(derby) tableName(config_info_tag) successfully.

2026-08-29 18:36:49,361 INFO [MapperManager] Load Mapper(class com.alibaba.nacos.plugin.datasource.impl.derby.ConfigInfoTagsRelationMapperByDerby) datasource(derby) tableName(config_tags_relation) successfully.

2026-08-29 18:36:49,361 INFO [MapperManager] Load Mapper(class com.alibaba.nacos.plugin.datasource.impl.derby.HistoryConfigInfoMapperByDerby) datasource(derby) tableName(his_config_info) successfully.

2026-08-29 18:36:49,361 INFO [MapperManager] Load Mapper(class com.alibaba.nacos.plugin.datasource.impl.derby.TenantInfoMapperByDerby) datasource(derby) tableName(tenant_info) successfully.

2026-08-29 18:36:49,361 INFO [MapperManager] Load Mapper(class com.alibaba.nacos.plugin.datasource.impl.derby.TenantCapacityMapperByDerby) datasource(derby) tableName(tenant_capacity) successfully.

2026-08-29 18:36:49,361 INFO [MapperManager] Load Mapper(class com.alibaba.nacos.plugin.datasource.impl.derby.GroupCapacityMapperByDerby) datasource(derby) tableName(group_capacity) successfully.

2026-08-29 18:36:49,602 INFO Fail to find connection runtime ejector for name nacos,use default

2026-08-29 18:36:49,655 INFO Not configure type of control plugin, no limit control for current node.

2026-08-29 18:36:49,657 INFO Load connection metrics collector,size=2,[com.alibaba.nacos.config.server.service.LongPollingConnectionMetricsCollector@73c9e8e8, com.alibaba.nacos.core.remote.LongConnectionMetricsCollector@1deceb67]

2026-08-29 18:36:49,659 INFO No connection rule content found ,use default empty rule 

2026-08-29 18:36:49,661 INFO ConnectionMetrics, totalCount = 0, detail = {long_connection=0, long_polling=0}

2026-08-29 18:36:49,666 INFO No tps control rule of CONFIG_PUSH_COUNT found,content =null  

2026-08-29 18:36:49,666 WARN Tps point for CONFIG_PUSH_COUNT registered, But tps control manager is no limit implementation.

2026-08-29 18:36:49,666 INFO No tps control rule of CONFIG_PUSH_SUCCESS found,content =null  

2026-08-29 18:36:49,666 WARN Tps point for CONFIG_PUSH_SUCCESS registered, But tps control manager is no limit implementation.

2026-08-29 18:36:49,666 INFO No tps control rule of CONFIG_PUSH_FAIL found,content =null  

2026-08-29 18:36:49,666 WARN Tps point for CONFIG_PUSH_FAIL registered, But tps control manager is no limit implementation.

2026-08-29 18:36:49,984 INFO Ready to get current node abilities...

2026-08-29 18:36:49,986 INFO Ready to initialize current node abilities, support modes: [CLUSTER_CLIENT, SDK_CLIENT, SERVER]

2026-08-29 18:36:49,987 INFO Initialize current abilities finish...

2026-08-29 18:36:49,987 INFO Ready to get current node abilities...

2026-08-29 18:36:49,987 INFO Ready to initialize current node abilities, support modes: [SDK_CLIENT]

2026-08-29 18:36:49,988 INFO Initialize current abilities finish...

2026-08-29 18:36:49,988 INFO [AbilityControlManager] Successfully initialize AbilityControlManager

2026-08-29 18:36:50,611 INFO Connection check task start

2026-08-29 18:36:50,611 INFO Long connection metrics detail ,Total count =0, sdkCount=0,clusterCount=0

2026-08-29 18:36:50,611 INFO Out dated connection ,size=0

2026-08-29 18:36:50,611 INFO Connection check task end

2026-08-29 18:36:50,870 INFO Will secure any request with [org.springframework.security.web.session.DisableEncodeUrlFilter@e280403, org.springframework.security.web.context.request.async.WebAsyncManagerIntegrationFilter@42f85fa4, org.springframework.security.web.context.SecurityContextPersistenceFilter@441fbe89, org.springframework.security.web.header.HeaderWriterFilter@7efa3f63, org.springframework.security.web.csrf.CsrfFilter@6bcb12e6, org.springframework.security.web.authentication.logout.LogoutFilter@72976b4, org.springframework.security.web.savedrequest.RequestCacheAwareFilter@45ab3bdd, org.springframework.security.web.servletapi.SecurityContextHolderAwareRequestFilter@2f10f633, org.springframework.security.web.authentication.AnonymousAuthenticationFilter@798dad3d, org.springframework.security.web.session.SessionManagementFilter@f3560d4, org.springframework.security.web.access.ExceptionTranslationFilter@30ec7d21]

2026-08-29 18:36:51,153 INFO Adding welcome page: class path resource [static/index.html]

2026-08-29 18:36:51,474 INFO Exposing 1 endpoint(s) beneath base path '/actuator'

2026-08-29 18:36:51,488 WARN You are asking Spring Security to ignore Ant [pattern='/**']. This is not recommended -- please use permitAll via HttpSecurity#authorizeHttpRequests instead.

2026-08-29 18:36:51,488 INFO Will not secure Ant [pattern='/**']

2026-08-29 18:36:51,489 WARN You are asking Spring Security to ignore Mvc [pattern='/prometheus']. This is not recommended -- please use permitAll via HttpSecurity#authorizeHttpRequests instead.

2026-08-29 18:36:51,489 INFO Will not secure Mvc [pattern='/prometheus']

2026-08-29 18:36:51,489 WARN You are asking Spring Security to ignore Mvc [pattern='/prometheus/namespaceId/{namespaceId}']. This is not recommended -- please use permitAll via HttpSecurity#authorizeHttpRequests instead.

2026-08-29 18:36:51,489 INFO Will not secure Mvc [pattern='/prometheus/namespaceId/{namespaceId}']

2026-08-29 18:36:51,489 WARN You are asking Spring Security to ignore Mvc [pattern='/prometheus/namespaceId/{namespaceId}/service/{service}']. This is not recommended -- please use permitAll via HttpSecurity#authorizeHttpRequests instead.

2026-08-29 18:36:51,489 INFO Will not secure Mvc [pattern='/prometheus/namespaceId/{namespaceId}/service/{service}']

2026-08-29 18:36:51,532 INFO Tomcat started on port(s): 8848 (http) with context path '/nacos'

2026-08-29 18:36:51,542 INFO No TaskScheduler/ScheduledExecutorService bean found for scheduled processing

2026-08-29 18:36:51,547 INFO No tps control rule of ConfigQuery found,content =null  

2026-08-29 18:36:51,547 WARN Tps point for ConfigQuery registered, But tps control manager is no limit implementation.

2026-08-29 18:36:51,548 INFO No tps control rule of ClusterConfigChangeNotify found,content =null  

2026-08-29 18:36:51,548 WARN Tps point for ClusterConfigChangeNotify registered, But tps control manager is no limit implementation.

2026-08-29 18:36:51,548 INFO No tps control rule of ConfigListen found,content =null  

2026-08-29 18:36:51,548 WARN Tps point for ConfigListen registered, But tps control manager is no limit implementation.

2026-08-29 18:36:51,548 INFO No tps control rule of ConfigRemove found,content =null  

2026-08-29 18:36:51,548 WARN Tps point for ConfigRemove registered, But tps control manager is no limit implementation.

2026-08-29 18:36:51,548 INFO No tps control rule of ConfigPublish found,content =null  

2026-08-29 18:36:51,548 WARN Tps point for ConfigPublish registered, But tps control manager is no limit implementation.

2026-08-29 18:36:51,548 INFO No tps control rule of HealthCheck found,content =null  

2026-08-29 18:36:51,548 WARN Tps point for HealthCheck registered, But tps control manager is no limit implementation.

2026-08-29 18:36:51,548 INFO No tps control rule of RemoteNamingServiceQuery found,content =null  

2026-08-29 18:36:51,548 WARN Tps point for RemoteNamingServiceQuery registered, But tps control manager is no limit implementation.

2026-08-29 18:36:51,548 INFO No tps control rule of RemoteNamingInstanceBatchRegister found,content =null  

2026-08-29 18:36:51,548 WARN Tps point for RemoteNamingInstanceBatchRegister registered, But tps control manager is no limit implementation.

2026-08-29 18:36:51,548 INFO No tps control rule of RemoteNamingInstanceRegisterDeregister found,content =null  

2026-08-29 18:36:51,548 WARN Tps point for RemoteNamingInstanceRegisterDeregister registered, But tps control manager is no limit implementation.

2026-08-29 18:36:51,548 INFO No tps control rule of RemoteNamingServiceListQuery found,content =null  

2026-08-29 18:36:51,548 WARN Tps point for RemoteNamingServiceListQuery registered, But tps control manager is no limit implementation.

2026-08-29 18:36:51,548 INFO No tps control rule of RemoteNamingServiceSubscribeUnSubscribe found,content =null  

2026-08-29 18:36:51,548 WARN Tps point for RemoteNamingServiceSubscribeUnSubscribe registered, But tps control manager is no limit implementation.

2026-08-29 18:36:51,548 WARN Tps point for RemoteNamingInstanceRegisterDeregister registered, But tps control manager is no limit implementation.

2026-08-29 18:36:51,549 INFO No tps control rule of HttpHealthCheck found,content =null  

2026-08-29 18:36:51,549 WARN Tps point for HttpHealthCheck registered, But tps control manager is no limit implementation.

2026-08-29 18:36:51,549 INFO No tps control rule of NamingInstanceRegister found,content =null  

2026-08-29 18:36:51,549 WARN Tps point for NamingInstanceRegister registered, But tps control manager is no limit implementation.

2026-08-29 18:36:51,549 INFO No tps control rule of NamingServiceQuery found,content =null  

2026-08-29 18:36:51,549 WARN Tps point for NamingServiceQuery registered, But tps control manager is no limit implementation.

2026-08-29 18:36:51,549 INFO No tps control rule of NamingServiceUpdate found,content =null  

2026-08-29 18:36:51,549 WARN Tps point for NamingServiceUpdate registered, But tps control manager is no limit implementation.

2026-08-29 18:36:51,549 WARN Tps point for NamingInstanceRegister registered, But tps control manager is no limit implementation.

2026-08-29 18:36:51,549 INFO No tps control rule of NamingInstanceDeregister found,content =null  

2026-08-29 18:36:51,549 WARN Tps point for NamingInstanceDeregister registered, But tps control manager is no limit implementation.

2026-08-29 18:36:51,549 INFO No tps control rule of NamingServiceSubscribe found,content =null  

2026-08-29 18:36:51,549 WARN Tps point for NamingServiceSubscribe registered, But tps control manager is no limit implementation.

2026-08-29 18:36:51,549 INFO No tps control rule of NamingInstanceMetadataUpdate found,content =null  

2026-08-29 18:36:51,549 WARN Tps point for NamingInstanceMetadataUpdate registered, But tps control manager is no limit implementation.

2026-08-29 18:36:51,549 WARN Tps point for ConfigPublish registered, But tps control manager is no limit implementation.

2026-08-29 18:36:51,549 WARN Tps point for NamingInstanceDeregister registered, But tps control manager is no limit implementation.

2026-08-29 18:36:51,549 WARN Tps point for ConfigQuery registered, But tps control manager is no limit implementation.

2026-08-29 18:36:51,549 INFO No tps control rule of NamingInstanceQuery found,content =null  

2026-08-29 18:36:51,549 WARN Tps point for NamingInstanceQuery registered, But tps control manager is no limit implementation.

2026-08-29 18:36:51,549 INFO No tps control rule of NamingServiceListQuery found,content =null  

2026-08-29 18:36:51,549 WARN Tps point for NamingServiceListQuery registered, But tps control manager is no limit implementation.

2026-08-29 18:36:51,549 INFO No tps control rule of NamingServiceDeregister found,content =null  

2026-08-29 18:36:51,549 WARN Tps point for NamingServiceDeregister registered, But tps control manager is no limit implementation.

2026-08-29 18:36:51,549 WARN Tps point for HttpHealthCheck registered, But tps control manager is no limit implementation.

2026-08-29 18:36:51,549 WARN Tps point for NamingInstanceMetadataUpdate registered, But tps control manager is no limit implementation.

2026-08-29 18:36:51,549 WARN Tps point for NamingServiceSubscribe registered, But tps control manager is no limit implementation.

2026-08-29 18:36:51,549 INFO No tps control rule of NamingInstanceUpdate found,content =null  

2026-08-29 18:36:51,549 WARN Tps point for NamingInstanceUpdate registered, But tps control manager is no limit implementation.

2026-08-29 18:36:51,549 WARN Tps point for NamingInstanceUpdate registered, But tps control manager is no limit implementation.

2026-08-29 18:36:51,549 WARN Tps point for NamingServiceDeregister registered, But tps control manager is no limit implementation.

2026-08-29 18:36:51,549 INFO No tps control rule of NamingServiceRegister found,content =null  

2026-08-29 18:36:51,549 WARN Tps point for NamingServiceRegister registered, But tps control manager is no limit implementation.

2026-08-29 18:36:51,549 WARN Tps point for NamingServiceListQuery registered, But tps control manager is no limit implementation.

2026-08-29 18:36:51,549 WARN Tps point for NamingInstanceQuery registered, But tps control manager is no limit implementation.

2026-08-29 18:36:51,549 WARN Tps point for NamingInstanceMetadataUpdate registered, But tps control manager is no limit implementation.

2026-08-29 18:36:51,549 WARN Tps point for NamingServiceUpdate registered, But tps control manager is no limit implementation.

2026-08-29 18:36:51,549 WARN Tps point for NamingServiceRegister registered, But tps control manager is no limit implementation.

2026-08-29 18:36:51,549 WARN Tps point for NamingServiceQuery registered, But tps control manager is no limit implementation.

2026-08-29 18:36:51,549 WARN Tps point for NamingInstanceMetadataUpdate registered, But tps control manager is no limit implementation.

2026-08-29 18:36:51,552 INFO Started Nacos in 6.613 seconds (JVM running for 7.025)

2026-08-29 18:36:51,552 INFO Nacos started successfully in stand alone mode. use embedded storage

2026-08-29 18:36:52,663 INFO ConnectionMetrics, totalCount = 0, detail = {long_connection=0, long_polling=0}

2026-08-29 18:36:53,620 INFO Connection check task start

2026-08-29 18:36:53,622 INFO Long connection metrics detail ,Total count =0, sdkCount=0,clusterCount=0

2026-08-29 18:36:53,622 INFO Out dated connection ,size=0

2026-08-29 18:36:53,624 INFO Connection check task end

2026-08-29 18:36:55,677 INFO ConnectionMetrics, totalCount = 0, detail = {long_connection=0, long_polling=0}

2026-08-29 18:36:56,624 INFO Connection check task start

2026-08-29 18:36:56,624 INFO Long connection metrics detail ,Total count =0, sdkCount=0,clusterCount=0

2026-08-29 18:36:56,624 INFO Out dated connection ,size=0

2026-08-29 18:36:56,624 INFO Connection check task end

2026-08-29 18:36:58,686 INFO ConnectionMetrics, totalCount = 0, detail = {long_connection=0, long_polling=0}

2026-08-29 18:36:59,629 INFO Connection check task start

2026-08-29 18:36:59,629 INFO Long connection metrics detail ,Total count =0, sdkCount=0,clusterCount=0

2026-08-29 18:36:59,629 INFO Out dated connection ,size=0

2026-08-29 18:36:59,629 INFO Connection check task end

2026-08-29 18:37:01,690 INFO ConnectionMetrics, totalCount = 0, detail = {long_connection=0, long_polling=0}

2026-08-29 18:37:02,641 INFO Connection check task start

2026-08-29 18:37:02,641 INFO Long connection metrics detail ,Total count =0, sdkCount=0,clusterCount=0

2026-08-29 18:37:02,641 INFO Out dated connection ,size=0

2026-08-29 18:37:02,641 INFO Connection check task end

2026-08-29 18:37:04,699 INFO ConnectionMetrics, totalCount = 0, detail = {long_connection=0, long_polling=0}

2026-08-29 18:37:05,657 INFO Connection check task start

2026-08-29 18:37:05,657 INFO Long connection metrics detail ,Total count =0, sdkCount=0,clusterCount=0

2026-08-29 18:37:05,657 INFO Out dated connection ,size=0

2026-08-29 18:37:05,657 INFO Connection check task end

2026-08-29 18:37:07,709 INFO ConnectionMetrics, totalCount = 0, detail = {long_connection=0, long_polling=0}

2026-08-29 18:37:08,662 INFO Connection check task start

2026-08-29 18:37:08,662 INFO Long connection metrics detail ,Total count =0, sdkCount=0,clusterCount=0

2026-08-29 18:37:08,663 INFO Out dated connection ,size=0

2026-08-29 18:37:08,663 INFO Connection check task end

2026-08-29 18:37:10,721 INFO ConnectionMetrics, totalCount = 0, detail = {long_connection=0, long_polling=0}

2026-08-29 18:37:11,664 INFO Connection check task start

2026-08-29 18:37:11,664 INFO Long connection metrics detail ,Total count =0, sdkCount=0,clusterCount=0

2026-08-29 18:37:11,665 INFO Out dated connection ,size=0

2026-08-29 18:37:11,665 INFO Connection check task end

2026-08-29 18:37:13,736 INFO ConnectionMetrics, totalCount = 0, detail = {long_connection=0, long_polling=0}

2026-08-29 18:37:14,679 INFO Connection check task start

2026-08-29 18:37:14,679 INFO Long connection metrics detail ,Total count =0, sdkCount=0,clusterCount=0

2026-08-29 18:37:14,679 INFO Out dated connection ,size=0

2026-08-29 18:37:14,679 INFO Connection check task end

2026-08-29 18:37:16,738 INFO ConnectionMetrics, totalCount = 0, detail = {long_connection=0, long_polling=0}

2026-08-29 18:37:17,685 INFO Connection check task start

2026-08-29 18:37:17,685 INFO Long connection metrics detail ,Total count =0, sdkCount=0,clusterCount=0

2026-08-29 18:37:17,685 INFO Out dated connection ,size=0

2026-08-29 18:37:17,685 INFO Connection check task end

2026-08-29 18:37:19,751 INFO ConnectionMetrics, totalCount = 0, detail = {long_connection=0, long_polling=0}

2026-08-29 18:37:20,698 INFO Connection check task start

2026-08-29 18:37:20,698 INFO Long connection metrics detail ,Total count =0, sdkCount=0,clusterCount=0

2026-08-29 18:37:20,698 INFO Out dated connection ,size=0

2026-08-29 18:37:20,698 INFO Connection check task end

2026-08-29 18:37:22,760 INFO ConnectionMetrics, totalCount = 0, detail = {long_connection=0, long_polling=0}

2026-08-29 18:37:23,711 INFO Connection check task start

2026-08-29 18:37:23,711 INFO Long connection metrics detail ,Total count =0, sdkCount=0,clusterCount=0

2026-08-29 18:37:23,711 INFO Out dated connection ,size=0

2026-08-29 18:37:23,711 INFO Connection check task end

2026-08-29 18:37:25,762 INFO ConnectionMetrics, totalCount = 0, detail = {long_connection=0, long_polling=0}

2026-08-29 18:37:26,725 INFO Connection check task start

2026-08-29 18:37:26,726 INFO Long connection metrics detail ,Total count =0, sdkCount=0,clusterCount=0

2026-08-29 18:37:26,726 INFO Out dated connection ,size=0

2026-08-29 18:37:26,726 INFO Connection check task end

2026-08-29 18:37:28,626 INFO new connection registered successfully, connectionId = 1787999848515_127.0.0.1_57179,connection=Connection{traced=false, abilities=null, metaInfo=ConnectionMeta{connectType='GRPC', clientIp='192.168.56.1', remoteIp='127.0.0.1', remotePort=57179, localPort=9848, version='Nacos-Java-Client:v2.2.1', connectionId='1787999848515_127.0.0.1_57179', createTime=Sat Aug 29 18:37:28 CST 2026, lastActiveTime=1787999848619, appName='-', tenant='null', labels={module=naming, source=sdk}}} 

2026-08-29 18:37:28,723 INFO Get ParamCheck config from env, ParamCheckConfig{paramCheckEnabled=trueactiveParamChecker=default}

2026-08-29 18:37:28,731 INFO Get Push config from env, PushConfig{pushTaskDelay=500, pushTaskTimeout=5000, pushTaskRetryDelay=1000}

2026-08-29 18:37:28,769 INFO ConnectionMetrics, totalCount = 1, detail = {long_connection=1, long_polling=0}

2026-08-29 18:37:29,727 INFO Connection check task start

2026-08-29 18:37:29,728 INFO Long connection metrics detail ,Total count =1, sdkCount=1,clusterCount=0

2026-08-29 18:37:29,728 INFO Out dated connection ,size=0

2026-08-29 18:37:29,729 INFO Connection check task end

2026-08-29 18:37:31,770 INFO ConnectionMetrics, totalCount = 1, detail = {long_connection=1, long_polling=0}

2026-08-29 18:37:32,733 INFO Connection check task start

2026-08-29 18:37:32,733 INFO Long connection metrics detail ,Total count =1, sdkCount=1,clusterCount=0

2026-08-29 18:37:32,733 INFO Out dated connection ,size=0

2026-08-29 18:37:32,733 INFO Connection check task end

2026-08-29 18:37:34,785 INFO ConnectionMetrics, totalCount = 1, detail = {long_connection=1, long_polling=0}

2026-08-29 18:37:35,735 INFO Connection check task start

2026-08-29 18:37:35,735 INFO Long connection metrics detail ,Total count =1, sdkCount=1,clusterCount=0

2026-08-29 18:37:35,736 INFO Out dated connection ,size=0

2026-08-29 18:37:35,736 INFO Connection check task end

2026-08-29 18:37:37,802 INFO ConnectionMetrics, totalCount = 1, detail = {long_connection=1, long_polling=0}

2026-08-29 18:37:38,748 INFO Connection check task start

2026-08-29 18:37:38,748 INFO Long connection metrics detail ,Total count =1, sdkCount=1,clusterCount=0

2026-08-29 18:37:38,749 INFO Out dated connection ,size=0

2026-08-29 18:37:38,749 INFO Connection check task end

2026-08-29 18:37:40,804 INFO ConnectionMetrics, totalCount = 1, detail = {long_connection=1, long_polling=0}

2026-08-29 18:37:41,755 INFO Connection check task start

2026-08-29 18:37:41,755 INFO Long connection metrics detail ,Total count =1, sdkCount=1,clusterCount=0

2026-08-29 18:37:41,756 INFO Out dated connection ,size=0

2026-08-29 18:37:41,756 INFO Connection check task end

2026-08-29 18:37:43,820 INFO ConnectionMetrics, totalCount = 1, detail = {long_connection=1, long_polling=0}

2026-08-29 18:37:44,756 INFO Connection check task start

2026-08-29 18:37:44,756 INFO Long connection metrics detail ,Total count =1, sdkCount=1,clusterCount=0

2026-08-29 18:37:44,756 INFO Out dated connection ,size=0

2026-08-29 18:37:44,756 INFO Connection check task end

2026-08-29 18:37:46,823 INFO ConnectionMetrics, totalCount = 1, detail = {long_connection=1, long_polling=0}

2026-08-29 18:37:47,766 INFO Connection check task start

2026-08-29 18:37:47,766 INFO Long connection metrics detail ,Total count =1, sdkCount=1,clusterCount=0

2026-08-29 18:37:47,766 INFO Out dated connection ,size=0

2026-08-29 18:37:47,766 INFO Connection check task end

2026-08-29 18:37:49,827 INFO ConnectionMetrics, totalCount = 1, detail = {long_connection=1, long_polling=0}

2026-08-29 18:37:50,772 INFO Connection check task start

2026-08-29 18:37:50,772 INFO Long connection metrics detail ,Total count =1, sdkCount=1,clusterCount=0

2026-08-29 18:37:50,772 INFO Out dated connection ,size=0

2026-08-29 18:37:50,772 INFO Connection check task end

2026-08-29 18:37:52,838 INFO ConnectionMetrics, totalCount = 1, detail = {long_connection=1, long_polling=0}

2026-08-29 18:37:53,781 INFO Connection check task start

2026-08-29 18:37:53,781 INFO Long connection metrics detail ,Total count =1, sdkCount=1,clusterCount=0

2026-08-29 18:37:53,781 INFO Out dated connection ,size=0

2026-08-29 18:37:53,781 INFO Connection check task end

2026-08-29 18:37:55,847 INFO ConnectionMetrics, totalCount = 1, detail = {long_connection=1, long_polling=0}

2026-08-29 18:37:56,793 INFO Connection check task start

2026-08-29 18:37:56,793 INFO Long connection metrics detail ,Total count =1, sdkCount=1,clusterCount=0

2026-08-29 18:37:56,793 INFO Out dated connection ,size=0

2026-08-29 18:37:56,793 INFO Connection check task end

2026-08-29 18:37:58,850 INFO ConnectionMetrics, totalCount = 1, detail = {long_connection=1, long_polling=0}

2026-08-29 18:37:59,804 INFO Connection check task start

2026-08-29 18:37:59,804 INFO Long connection metrics detail ,Total count =1, sdkCount=1,clusterCount=0

2026-08-29 18:37:59,805 INFO Out dated connection ,size=0

2026-08-29 18:37:59,805 INFO Connection check task end

2026-08-29 18:38:01,855 INFO ConnectionMetrics, totalCount = 1, detail = {long_connection=1, long_polling=0}

2026-08-29 18:38:02,819 INFO Connection check task start

2026-08-29 18:38:02,819 INFO Long connection metrics detail ,Total count =1, sdkCount=1,clusterCount=0

2026-08-29 18:38:02,821 INFO Out dated connection ,size=0

2026-08-29 18:38:02,821 INFO Connection check task end

2026-08-29 18:38:04,869 INFO ConnectionMetrics, totalCount = 1, detail = {long_connection=1, long_polling=0}

2026-08-29 18:38:05,832 INFO Connection check task start

2026-08-29 18:38:05,832 INFO Long connection metrics detail ,Total count =1, sdkCount=1,clusterCount=0

2026-08-29 18:38:05,832 INFO Out dated connection ,size=0

2026-08-29 18:38:05,832 INFO Connection check task end

2026-08-29 18:38:07,871 INFO ConnectionMetrics, totalCount = 1, detail = {long_connection=1, long_polling=0}

2026-08-29 18:38:08,834 INFO Connection check task start

2026-08-29 18:38:08,834 INFO Long connection metrics detail ,Total count =1, sdkCount=1,clusterCount=0

2026-08-29 18:38:08,834 INFO Out dated connection ,size=0

2026-08-29 18:38:08,834 INFO Connection check task end

2026-08-29 18:38:10,876 INFO ConnectionMetrics, totalCount = 1, detail = {long_connection=1, long_polling=0}

2026-08-29 18:38:11,841 INFO Connection check task start

2026-08-29 18:38:11,841 INFO Long connection metrics detail ,Total count =1, sdkCount=1,clusterCount=0

2026-08-29 18:38:11,841 INFO Out dated connection ,size=0

2026-08-29 18:38:11,841 INFO Connection check task end

2026-08-29 18:38:13,891 INFO ConnectionMetrics, totalCount = 1, detail = {long_connection=1, long_polling=0}

2026-08-29 18:38:14,850 INFO Connection check task start

2026-08-29 18:38:14,851 INFO Long connection metrics detail ,Total count =1, sdkCount=1,clusterCount=0

2026-08-29 18:38:14,851 INFO Out dated connection ,size=0

2026-08-29 18:38:14,851 INFO Connection check task end

2026-08-29 18:38:16,903 INFO ConnectionMetrics, totalCount = 1, detail = {long_connection=1, long_polling=0}

2026-08-29 18:38:17,866 INFO Connection check task start

2026-08-29 18:38:17,866 INFO Long connection metrics detail ,Total count =1, sdkCount=1,clusterCount=0

2026-08-29 18:38:17,866 INFO Out dated connection ,size=0

2026-08-29 18:38:17,866 INFO Connection check task end

2026-08-29 18:38:19,919 INFO ConnectionMetrics, totalCount = 1, detail = {long_connection=1, long_polling=0}

2026-08-29 18:38:20,868 INFO Connection check task start

2026-08-29 18:38:20,868 INFO Long connection metrics detail ,Total count =1, sdkCount=1,clusterCount=0

2026-08-29 18:38:20,868 INFO Out dated connection ,size=0

2026-08-29 18:38:20,868 INFO Connection check task end

2026-08-29 18:38:22,932 INFO ConnectionMetrics, totalCount = 1, detail = {long_connection=1, long_polling=0}

2026-08-29 18:38:23,883 INFO Connection check task start

2026-08-29 18:38:23,883 INFO Long connection metrics detail ,Total count =1, sdkCount=1,clusterCount=0

2026-08-29 18:38:23,883 INFO Out dated connection ,size=0

2026-08-29 18:38:23,883 INFO Connection check task end

2026-08-29 18:38:25,938 INFO ConnectionMetrics, totalCount = 1, detail = {long_connection=1, long_polling=0}

2026-08-29 18:38:26,895 INFO Connection check task start

2026-08-29 18:38:26,895 INFO Long connection metrics detail ,Total count =1, sdkCount=1,clusterCount=0

2026-08-29 18:38:26,895 INFO Out dated connection ,size=0

2026-08-29 18:38:26,895 INFO Connection check task end

2026-08-29 18:38:28,944 INFO ConnectionMetrics, totalCount = 1, detail = {long_connection=1, long_polling=0}

2026-08-29 18:38:29,905 INFO Connection check task start

2026-08-29 18:38:29,905 INFO Long connection metrics detail ,Total count =1, sdkCount=1,clusterCount=0

2026-08-29 18:38:29,905 INFO Out dated connection ,size=0

2026-08-29 18:38:29,906 INFO Connection check task end

2026-08-29 18:38:31,957 INFO ConnectionMetrics, totalCount = 1, detail = {long_connection=1, long_polling=0}

2026-08-29 18:38:32,907 INFO Connection check task start

2026-08-29 18:38:32,907 INFO Long connection metrics detail ,Total count =1, sdkCount=1,clusterCount=0

2026-08-29 18:38:32,908 INFO Out dated connection ,size=0

2026-08-29 18:38:32,908 INFO Connection check task end

2026-08-29 18:38:34,960 INFO ConnectionMetrics, totalCount = 1, detail = {long_connection=1, long_polling=0}

2026-08-29 18:38:35,921 INFO Connection check task start

2026-08-29 18:38:35,921 INFO Long connection metrics detail ,Total count =1, sdkCount=1,clusterCount=0

2026-08-29 18:38:35,921 INFO Out dated connection ,size=0

2026-08-29 18:38:35,921 INFO Connection check task end

2026-08-29 18:38:37,970 INFO ConnectionMetrics, totalCount = 1, detail = {long_connection=1, long_polling=0}

2026-08-29 18:38:38,929 INFO Connection check task start

2026-08-29 18:38:38,929 INFO Long connection metrics detail ,Total count =1, sdkCount=1,clusterCount=0

2026-08-29 18:38:38,929 INFO Out dated connection ,size=0

2026-08-29 18:38:38,929 INFO Connection check task end

2026-08-29 18:38:40,981 INFO ConnectionMetrics, totalCount = 1, detail = {long_connection=1, long_polling=0}

2026-08-29 18:38:41,939 INFO Connection check task start

2026-08-29 18:38:41,939 INFO Long connection metrics detail ,Total count =1, sdkCount=1,clusterCount=0

2026-08-29 18:38:41,939 INFO Out dated connection ,size=0

2026-08-29 18:38:41,939 INFO Connection check task end

2026-08-29 18:38:43,989 INFO ConnectionMetrics, totalCount = 1, detail = {long_connection=1, long_polling=0}

2026-08-29 18:38:44,946 INFO Connection check task start

2026-08-29 18:38:44,946 INFO Long connection metrics detail ,Total count =1, sdkCount=1,clusterCount=0

2026-08-29 18:38:44,946 INFO Out dated connection ,size=0

2026-08-29 18:38:44,946 INFO Connection check task end

2026-08-29 18:38:46,990 INFO ConnectionMetrics, totalCount = 1, detail = {long_connection=1, long_polling=0}

2026-08-29 18:38:47,960 INFO Connection check task start

2026-08-29 18:38:47,960 INFO Long connection metrics detail ,Total count =1, sdkCount=1,clusterCount=0

2026-08-29 18:38:47,961 INFO Out dated connection ,size=0

2026-08-29 18:38:47,961 INFO Connection check task end

2026-08-29 18:38:50,003 INFO ConnectionMetrics, totalCount = 1, detail = {long_connection=1, long_polling=0}

2026-08-29 18:38:50,962 INFO Connection check task start

2026-08-29 18:38:50,962 INFO Long connection metrics detail ,Total count =1, sdkCount=1,clusterCount=0

2026-08-29 18:38:50,962 INFO Out dated connection ,size=0

2026-08-29 18:38:50,962 INFO Connection check task end

2026-08-29 18:38:53,015 INFO ConnectionMetrics, totalCount = 1, detail = {long_connection=1, long_polling=0}

2026-08-29 18:38:53,971 INFO Connection check task start

2026-08-29 18:38:53,971 INFO Long connection metrics detail ,Total count =1, sdkCount=1,clusterCount=0

2026-08-29 18:38:53,971 INFO Out dated connection ,size=0

2026-08-29 18:38:53,971 INFO Connection check task end

2026-08-29 18:38:56,018 INFO ConnectionMetrics, totalCount = 1, detail = {long_connection=1, long_polling=0}

2026-08-29 18:38:56,975 INFO Connection check task start

2026-08-29 18:38:56,975 INFO Long connection metrics detail ,Total count =1, sdkCount=1,clusterCount=0

2026-08-29 18:38:56,975 INFO Out dated connection ,size=0

2026-08-29 18:38:56,975 INFO Connection check task end

2026-08-29 18:38:58,521 INFO Initializing Spring DispatcherServlet 'dispatcherServlet'

2026-08-29 18:38:58,522 INFO Initializing Servlet 'dispatcherServlet'

2026-08-29 18:38:58,523 INFO Completed initialization in 1 ms

2026-08-29 18:38:58,727 INFO [AuthPluginManager] Load AuthPluginService(class com.alibaba.nacos.plugin.auth.impl.NacosAuthPluginService) AuthServiceName(nacos) successfully.

2026-08-29 18:38:58,727 INFO [AuthPluginManager] Load AuthPluginService(class com.alibaba.nacos.plugin.auth.impl.LdapAuthPluginService) AuthServiceName(ldap) successfully.

2026-08-29 18:38:59,024 INFO ConnectionMetrics, totalCount = 1, detail = {long_connection=1, long_polling=0}

2026-08-29 18:38:59,984 INFO Connection check task start

2026-08-29 18:38:59,984 INFO Long connection metrics detail ,Total count =1, sdkCount=1,clusterCount=0

2026-08-29 18:38:59,984 INFO Out dated connection ,size=0

2026-08-29 18:38:59,984 INFO Connection check task end

2026-08-29 18:39:02,034 INFO ConnectionMetrics, totalCount = 1, detail = {long_connection=1, long_polling=0}

2026-08-29 18:39:02,994 INFO Connection check task start

2026-08-29 18:39:02,994 INFO Long connection metrics detail ,Total count =1, sdkCount=1,clusterCount=0

2026-08-29 18:39:02,994 INFO Out dated connection ,size=0

2026-08-29 18:39:02,994 INFO Connection check task end

2026-08-29 18:39:05,043 INFO ConnectionMetrics, totalCount = 1, detail = {long_connection=1, long_polling=0}

2026-08-29 18:39:06,000 INFO Connection check task start

2026-08-29 18:39:06,000 INFO Long connection metrics detail ,Total count =1, sdkCount=1,clusterCount=0

2026-08-29 18:39:06,001 INFO Out dated connection ,size=0

2026-08-29 18:39:06,001 INFO Connection check task end

2026-08-29 18:39:08,054 INFO ConnectionMetrics, totalCount = 1, detail = {long_connection=1, long_polling=0}

2026-08-29 18:39:09,016 INFO Connection check task start

2026-08-29 18:39:09,016 INFO Long connection metrics detail ,Total count =1, sdkCount=1,clusterCount=0

2026-08-29 18:39:09,018 INFO Out dated connection ,size=0

2026-08-29 18:39:09,018 INFO Connection check task end

2026-08-29 18:39:11,064 INFO ConnectionMetrics, totalCount = 1, detail = {long_connection=1, long_polling=0}

2026-08-29 18:39:12,029 INFO Connection check task start

2026-08-29 18:39:12,029 INFO Long connection metrics detail ,Total count =1, sdkCount=1,clusterCount=0

2026-08-29 18:39:12,029 INFO Out dated connection ,size=0

2026-08-29 18:39:12,029 INFO Connection check task end

2026-08-29 18:39:14,067 INFO ConnectionMetrics, totalCount = 1, detail = {long_connection=1, long_polling=0}

2026-08-29 18:39:15,040 INFO Connection check task start

2026-08-29 18:39:15,040 INFO Long connection metrics detail ,Total count =1, sdkCount=1,clusterCount=0

2026-08-29 18:39:15,040 INFO Out dated connection ,size=0

2026-08-29 18:39:15,040 INFO Connection check task end

2026-08-29 18:39:17,082 INFO ConnectionMetrics, totalCount = 1, detail = {long_connection=1, long_polling=0}

2026-08-29 18:39:18,052 INFO Connection check task start

2026-08-29 18:39:18,052 INFO Long connection metrics detail ,Total count =1, sdkCount=1,clusterCount=0

2026-08-29 18:39:18,052 INFO Out dated connection ,size=0

2026-08-29 18:39:18,052 INFO Connection check task end

2026-08-29 18:39:20,084 INFO ConnectionMetrics, totalCount = 1, detail = {long_connection=1, long_polling=0}

2026-08-29 18:39:21,056 INFO Connection check task start

2026-08-29 18:39:21,056 INFO Long connection metrics detail ,Total count =1, sdkCount=1,clusterCount=0

2026-08-29 18:39:21,056 INFO Out dated connection ,size=0

2026-08-29 18:39:21,056 INFO Connection check task end

2026-08-29 18:39:23,089 INFO ConnectionMetrics, totalCount = 1, detail = {long_connection=1, long_polling=0}

2026-08-29 18:39:24,069 INFO Connection check task start

2026-08-29 18:39:24,069 INFO Long connection metrics detail ,Total count =1, sdkCount=1,clusterCount=0

2026-08-29 18:39:24,069 INFO Out dated connection ,size=0

2026-08-29 18:39:24,069 INFO Connection check task end

2026-08-29 18:39:26,102 INFO ConnectionMetrics, totalCount = 1, detail = {long_connection=1, long_polling=0}

2026-08-29 18:39:27,071 INFO Connection check task start

2026-08-29 18:39:27,071 INFO Long connection metrics detail ,Total count =1, sdkCount=1,clusterCount=0

2026-08-29 18:39:27,071 INFO Out dated connection ,size=0

2026-08-29 18:39:27,071 INFO Connection check task end

2026-08-29 18:39:29,110 INFO ConnectionMetrics, totalCount = 1, detail = {long_connection=1, long_polling=0}

2026-08-29 18:39:30,082 INFO Connection check task start

2026-08-29 18:39:30,083 INFO Long connection metrics detail ,Total count =1, sdkCount=1,clusterCount=0

2026-08-29 18:39:30,084 INFO Out dated connection ,size=0

2026-08-29 18:39:30,084 INFO Connection check task end

2026-08-29 18:39:32,117 INFO ConnectionMetrics, totalCount = 1, detail = {long_connection=1, long_polling=0}

2026-08-29 18:39:33,091 INFO Connection check task start

2026-08-29 18:39:33,091 INFO Long connection metrics detail ,Total count =1, sdkCount=1,clusterCount=0

2026-08-29 18:39:33,091 INFO Out dated connection ,size=0

2026-08-29 18:39:33,091 INFO Connection check task end

2026-08-29 18:39:35,121 INFO ConnectionMetrics, totalCount = 1, detail = {long_connection=1, long_polling=0}

2026-08-29 18:39:36,096 INFO Connection check task start

2026-08-29 18:39:36,096 INFO Long connection metrics detail ,Total count =1, sdkCount=1,clusterCount=0

2026-08-29 18:39:36,096 INFO Out dated connection ,size=0

2026-08-29 18:39:36,096 INFO Connection check task end

2026-08-29 18:39:38,128 INFO ConnectionMetrics, totalCount = 1, detail = {long_connection=1, long_polling=0}

2026-08-29 18:39:39,106 INFO Connection check task start

2026-08-29 18:39:39,106 INFO Long connection metrics detail ,Total count =1, sdkCount=1,clusterCount=0

2026-08-29 18:39:39,106 INFO Out dated connection ,size=0

2026-08-29 18:39:39,106 INFO Connection check task end

2026-08-29 18:39:41,138 INFO ConnectionMetrics, totalCount = 1, detail = {long_connection=1, long_polling=0}

2026-08-29 18:39:42,116 INFO Connection check task start

2026-08-29 18:39:42,118 INFO Long connection metrics detail ,Total count =1, sdkCount=1,clusterCount=0

2026-08-29 18:39:42,118 INFO Out dated connection ,size=0

2026-08-29 18:39:42,118 INFO Connection check task end

2026-08-29 18:39:44,141 INFO ConnectionMetrics, totalCount = 1, detail = {long_connection=1, long_polling=0}

2026-08-29 18:39:45,133 INFO Connection check task start

2026-08-29 18:39:45,133 INFO Long connection metrics detail ,Total count =1, sdkCount=1,clusterCount=0

2026-08-29 18:39:45,133 INFO Out dated connection ,size=0

2026-08-29 18:39:45,133 INFO Connection check task end

2026-08-29 18:39:47,142 INFO ConnectionMetrics, totalCount = 1, detail = {long_connection=1, long_polling=0}

2026-08-29 18:39:48,147 INFO Connection check task start

2026-08-29 18:39:48,147 INFO Long connection metrics detail ,Total count =1, sdkCount=1,clusterCount=0

2026-08-29 18:39:48,147 INFO Out dated connection ,size=0

2026-08-29 18:39:48,147 INFO Connection check task end

2026-08-29 18:39:50,147 INFO ConnectionMetrics, totalCount = 1, detail = {long_connection=1, long_polling=0}

2026-08-29 18:39:51,154 INFO Connection check task start

2026-08-29 18:39:51,154 INFO Long connection metrics detail ,Total count =1, sdkCount=1,clusterCount=0

2026-08-29 18:39:51,154 INFO Out dated connection ,size=0

2026-08-29 18:39:51,154 INFO Connection check task end

2026-08-29 18:39:53,147 INFO ConnectionMetrics, totalCount = 1, detail = {long_connection=1, long_polling=0}

2026-08-29 18:39:54,158 INFO Connection check task start

2026-08-29 18:39:54,158 INFO Long connection metrics detail ,Total count =1, sdkCount=1,clusterCount=0

2026-08-29 18:39:54,158 INFO Out dated connection ,size=0

2026-08-29 18:39:54,158 INFO Connection check task end

2026-08-29 18:39:56,163 INFO ConnectionMetrics, totalCount = 1, detail = {long_connection=1, long_polling=0}

2026-08-29 18:39:57,163 INFO Connection check task start

2026-08-29 18:39:57,163 INFO Long connection metrics detail ,Total count =1, sdkCount=1,clusterCount=0

2026-08-29 18:39:57,163 INFO Out dated connection ,size=0

2026-08-29 18:39:57,163 INFO Connection check task end

2026-08-29 18:39:59,164 INFO ConnectionMetrics, totalCount = 1, detail = {long_connection=1, long_polling=0}

2026-08-29 18:40:00,179 INFO Connection check task start

2026-08-29 18:40:00,179 INFO Long connection metrics detail ,Total count =1, sdkCount=1,clusterCount=0

2026-08-29 18:40:00,179 INFO Out dated connection ,size=0

2026-08-29 18:40:00,179 INFO Connection check task end

2026-08-29 18:40:02,172 INFO ConnectionMetrics, totalCount = 1, detail = {long_connection=1, long_polling=0}

2026-08-29 18:40:03,193 INFO Connection check task start

2026-08-29 18:40:03,193 INFO Long connection metrics detail ,Total count =1, sdkCount=1,clusterCount=0

2026-08-29 18:40:03,193 INFO Out dated connection ,size=0

2026-08-29 18:40:03,193 INFO Connection check task end

2026-08-29 18:40:05,179 INFO ConnectionMetrics, totalCount = 1, detail = {long_connection=1, long_polling=0}

2026-08-29 18:40:06,207 INFO Connection check task start

2026-08-29 18:40:06,207 INFO Long connection metrics detail ,Total count =1, sdkCount=1,clusterCount=0

2026-08-29 18:40:06,207 INFO Out dated connection ,size=0

2026-08-29 18:40:06,207 INFO Connection check task end

2026-08-29 18:40:08,193 INFO ConnectionMetrics, totalCount = 1, detail = {long_connection=1, long_polling=0}

2026-08-29 18:40:09,219 INFO Connection check task start

2026-08-29 18:40:09,219 INFO Long connection metrics detail ,Total count =1, sdkCount=1,clusterCount=0

2026-08-29 18:40:09,219 INFO Out dated connection ,size=0

2026-08-29 18:40:09,219 INFO Connection check task end

2026-08-29 18:40:11,205 INFO ConnectionMetrics, totalCount = 1, detail = {long_connection=1, long_polling=0}

2026-08-29 18:40:12,222 INFO Connection check task start

2026-08-29 18:40:12,222 INFO Long connection metrics detail ,Total count =1, sdkCount=1,clusterCount=0

2026-08-29 18:40:12,222 INFO Out dated connection ,size=0

2026-08-29 18:40:12,222 INFO Connection check task end

2026-08-29 18:40:14,220 INFO ConnectionMetrics, totalCount = 1, detail = {long_connection=1, long_polling=0}

2026-08-29 18:40:15,235 INFO Connection check task start

2026-08-29 18:40:15,235 INFO Long connection metrics detail ,Total count =1, sdkCount=1,clusterCount=0

2026-08-29 18:40:15,235 INFO Out dated connection ,size=0

2026-08-29 18:40:15,235 INFO Connection check task end

2026-08-29 18:40:17,226 INFO ConnectionMetrics, totalCount = 1, detail = {long_connection=1, long_polling=0}

2026-08-29 18:40:18,242 INFO Connection check task start

2026-08-29 18:40:18,242 INFO Long connection metrics detail ,Total count =1, sdkCount=1,clusterCount=0

2026-08-29 18:40:18,242 INFO Out dated connection ,size=0

2026-08-29 18:40:18,242 INFO Connection check task end

2026-08-29 18:40:20,243 INFO ConnectionMetrics, totalCount = 1, detail = {long_connection=1, long_polling=0}

2026-08-29 18:40:21,255 INFO Connection check task start

2026-08-29 18:40:21,255 INFO Long connection metrics detail ,Total count =1, sdkCount=1,clusterCount=0

2026-08-29 18:40:21,255 INFO Out dated connection ,size=0

2026-08-29 18:40:21,255 INFO Connection check task end

2026-08-29 18:40:23,250 INFO ConnectionMetrics, totalCount = 1, detail = {long_connection=1, long_polling=0}

2026-08-29 18:40:24,267 INFO Connection check task start

2026-08-29 18:40:24,267 INFO Long connection metrics detail ,Total count =1, sdkCount=1,clusterCount=0

2026-08-29 18:40:24,267 INFO Out dated connection ,size=0

2026-08-29 18:40:24,267 INFO Connection check task end

2026-08-29 18:40:26,263 INFO ConnectionMetrics, totalCount = 1, detail = {long_connection=1, long_polling=0}

2026-08-29 18:40:27,269 INFO Connection check task start

2026-08-29 18:40:27,269 INFO Long connection metrics detail ,Total count =1, sdkCount=1,clusterCount=0

2026-08-29 18:40:27,269 INFO Out dated connection ,size=0

2026-08-29 18:40:27,269 INFO Connection check task end

2026-08-29 18:40:29,263 INFO ConnectionMetrics, totalCount = 1, detail = {long_connection=1, long_polling=0}

2026-08-29 18:40:30,271 INFO Connection check task start

2026-08-29 18:40:30,271 INFO Long connection metrics detail ,Total count =1, sdkCount=1,clusterCount=0

2026-08-29 18:40:30,272 INFO Out dated connection ,size=0

2026-08-29 18:40:30,272 INFO Connection check task end

2026-08-29 18:40:32,271 INFO ConnectionMetrics, totalCount = 1, detail = {long_connection=1, long_polling=0}

2026-08-29 18:40:33,283 INFO Connection check task start

2026-08-29 18:40:33,283 INFO Long connection metrics detail ,Total count =1, sdkCount=1,clusterCount=0

2026-08-29 18:40:33,283 INFO Out dated connection ,size=0

2026-08-29 18:40:33,283 INFO Connection check task end

2026-08-29 18:40:35,285 INFO ConnectionMetrics, totalCount = 1, detail = {long_connection=1, long_polling=0}

2026-08-29 18:40:36,291 INFO Connection check task start

2026-08-29 18:40:36,291 INFO Long connection metrics detail ,Total count =1, sdkCount=1,clusterCount=0

2026-08-29 18:40:36,291 INFO Out dated connection ,size=0

2026-08-29 18:40:36,291 INFO Connection check task end

2026-08-29 18:40:38,286 INFO ConnectionMetrics, totalCount = 1, detail = {long_connection=1, long_polling=0}

2026-08-29 18:40:39,293 INFO Connection check task start

2026-08-29 18:40:39,293 INFO Long connection metrics detail ,Total count =1, sdkCount=1,clusterCount=0

2026-08-29 18:40:39,293 INFO Out dated connection ,size=0

2026-08-29 18:40:39,293 INFO Connection check task end

2026-08-29 18:40:41,293 INFO ConnectionMetrics, totalCount = 1, detail = {long_connection=1, long_polling=0}

2026-08-29 18:40:42,298 INFO Connection check task start

2026-08-29 18:40:42,298 INFO Long connection metrics detail ,Total count =1, sdkCount=1,clusterCount=0

2026-08-29 18:40:42,298 INFO Out dated connection ,size=0

2026-08-29 18:40:42,298 INFO Connection check task end

2026-08-29 18:40:44,298 INFO ConnectionMetrics, totalCount = 1, detail = {long_connection=1, long_polling=0}

2026-08-29 18:40:45,305 INFO Connection check task start

2026-08-29 18:40:45,305 INFO Long connection metrics detail ,Total count =1, sdkCount=1,clusterCount=0

2026-08-29 18:40:45,305 INFO Out dated connection ,size=0

2026-08-29 18:40:45,305 INFO Connection check task end

2026-08-29 18:40:47,304 INFO ConnectionMetrics, totalCount = 1, detail = {long_connection=1, long_polling=0}

2026-08-29 18:40:48,313 INFO Connection check task start

2026-08-29 18:40:48,313 INFO Long connection metrics detail ,Total count =1, sdkCount=1,clusterCount=0

2026-08-29 18:40:48,314 INFO Out dated connection ,size=0

2026-08-29 18:40:48,314 INFO Connection check task end

2026-08-29 18:40:50,306 INFO ConnectionMetrics, totalCount = 1, detail = {long_connection=1, long_polling=0}

2026-08-29 18:40:51,317 INFO Connection check task start

2026-08-29 18:40:51,317 INFO Long connection metrics detail ,Total count =1, sdkCount=1,clusterCount=0

2026-08-29 18:40:51,317 INFO Out dated connection ,size=0

2026-08-29 18:40:51,317 INFO Connection check task end

2026-08-29 18:40:53,316 INFO ConnectionMetrics, totalCount = 1, detail = {long_connection=1, long_polling=0}

2026-08-29 18:40:54,326 INFO Connection check task start

2026-08-29 18:40:54,326 INFO Long connection metrics detail ,Total count =1, sdkCount=1,clusterCount=0

2026-08-29 18:40:54,326 INFO Out dated connection ,size=0

2026-08-29 18:40:54,326 INFO Connection check task end

2026-08-29 18:40:56,317 INFO ConnectionMetrics, totalCount = 1, detail = {long_connection=1, long_polling=0}

2026-08-29 18:40:57,331 INFO Connection check task start

2026-08-29 18:40:57,331 INFO Long connection metrics detail ,Total count =1, sdkCount=1,clusterCount=0

2026-08-29 18:40:57,331 INFO Out dated connection ,size=0

2026-08-29 18:40:57,331 INFO Connection check task end

2026-08-29 18:40:59,321 INFO ConnectionMetrics, totalCount = 1, detail = {long_connection=1, long_polling=0}

2026-08-29 18:41:00,334 INFO Connection check task start

2026-08-29 18:41:00,334 INFO Long connection metrics detail ,Total count =1, sdkCount=1,clusterCount=0

2026-08-29 18:41:00,334 INFO Out dated connection ,size=0

2026-08-29 18:41:00,334 INFO Connection check task end

2026-08-29 18:41:02,324 INFO ConnectionMetrics, totalCount = 1, detail = {long_connection=1, long_polling=0}

2026-08-29 18:41:03,346 INFO Connection check task start

2026-08-29 18:41:03,346 INFO Long connection metrics detail ,Total count =1, sdkCount=1,clusterCount=0

2026-08-29 18:41:03,346 INFO Out dated connection ,size=0

2026-08-29 18:41:03,346 INFO Connection check task end

2026-08-29 18:41:05,336 INFO ConnectionMetrics, totalCount = 1, detail = {long_connection=1, long_polling=0}

2026-08-29 18:41:06,360 INFO Connection check task start

2026-08-29 18:41:06,360 INFO Long connection metrics detail ,Total count =1, sdkCount=1,clusterCount=0

2026-08-29 18:41:06,360 INFO Out dated connection ,size=0

2026-08-29 18:41:06,360 INFO Connection check task end

2026-08-29 18:41:08,339 INFO ConnectionMetrics, totalCount = 1, detail = {long_connection=1, long_polling=0}

2026-08-29 18:41:09,373 INFO Connection check task start

2026-08-29 18:41:09,373 INFO Long connection metrics detail ,Total count =1, sdkCount=1,clusterCount=0

2026-08-29 18:41:09,373 INFO Out dated connection ,size=0

2026-08-29 18:41:09,373 INFO Connection check task end

2026-08-29 18:41:11,349 INFO ConnectionMetrics, totalCount = 1, detail = {long_connection=1, long_polling=0}

2026-08-29 18:41:12,375 INFO Connection check task start

2026-08-29 18:41:12,375 INFO Long connection metrics detail ,Total count =1, sdkCount=1,clusterCount=0

2026-08-29 18:41:12,375 INFO Out dated connection ,size=0

2026-08-29 18:41:12,375 INFO Connection check task end

2026-08-29 18:41:14,359 INFO ConnectionMetrics, totalCount = 1, detail = {long_connection=1, long_polling=0}

2026-08-29 18:41:15,390 INFO Connection check task start

2026-08-29 18:41:15,390 INFO Long connection metrics detail ,Total count =1, sdkCount=1,clusterCount=0

2026-08-29 18:41:15,390 INFO Out dated connection ,size=0

2026-08-29 18:41:15,390 INFO Connection check task end

2026-08-29 18:41:17,362 INFO ConnectionMetrics, totalCount = 1, detail = {long_connection=1, long_polling=0}

2026-08-29 18:41:18,402 INFO Connection check task start

2026-08-29 18:41:18,402 INFO Long connection metrics detail ,Total count =1, sdkCount=1,clusterCount=0

2026-08-29 18:41:18,402 INFO Out dated connection ,size=0

2026-08-29 18:41:18,402 INFO Connection check task end

2026-08-29 18:41:20,378 INFO ConnectionMetrics, totalCount = 1, detail = {long_connection=1, long_polling=0}

2026-08-29 18:41:21,414 INFO Connection check task start

2026-08-29 18:41:21,414 INFO Long connection metrics detail ,Total count =1, sdkCount=1,clusterCount=0

2026-08-29 18:41:21,414 INFO Out dated connection ,size=0

2026-08-29 18:41:21,414 INFO Connection check task end

2026-08-29 18:41:23,378 INFO ConnectionMetrics, totalCount = 1, detail = {long_connection=1, long_polling=0}

2026-08-29 18:41:24,424 INFO Connection check task start

2026-08-29 18:41:24,424 INFO Long connection metrics detail ,Total count =1, sdkCount=1,clusterCount=0

2026-08-29 18:41:24,424 INFO Out dated connection ,size=0

2026-08-29 18:41:24,424 INFO Connection check task end

2026-08-29 18:41:26,387 INFO ConnectionMetrics, totalCount = 1, detail = {long_connection=1, long_polling=0}

2026-08-29 18:41:27,439 INFO Connection check task start

2026-08-29 18:41:27,439 INFO Long connection metrics detail ,Total count =1, sdkCount=1,clusterCount=0

2026-08-29 18:41:27,439 INFO Out dated connection ,size=0

2026-08-29 18:41:27,439 INFO Connection check task end

2026-08-29 18:41:29,398 INFO ConnectionMetrics, totalCount = 1, detail = {long_connection=1, long_polling=0}

2026-08-29 18:41:30,454 INFO Connection check task start

2026-08-29 18:41:30,454 INFO Long connection metrics detail ,Total count =1, sdkCount=1,clusterCount=0

2026-08-29 18:41:30,454 INFO Out dated connection ,size=0

2026-08-29 18:41:30,454 INFO Connection check task end

2026-08-29 18:41:32,407 INFO ConnectionMetrics, totalCount = 1, detail = {long_connection=1, long_polling=0}

2026-08-29 18:41:33,458 INFO Connection check task start

2026-08-29 18:41:33,458 INFO Long connection metrics detail ,Total count =1, sdkCount=1,clusterCount=0

2026-08-29 18:41:33,458 INFO Out dated connection ,size=0

2026-08-29 18:41:33,458 INFO Connection check task end

2026-08-29 18:41:35,423 INFO ConnectionMetrics, totalCount = 1, detail = {long_connection=1, long_polling=0}

2026-08-29 18:41:36,466 INFO Connection check task start

2026-08-29 18:41:36,466 INFO Long connection metrics detail ,Total count =1, sdkCount=1,clusterCount=0

2026-08-29 18:41:36,466 INFO Out dated connection ,size=0

2026-08-29 18:41:36,466 INFO Connection check task end

2026-08-29 18:41:38,435 INFO ConnectionMetrics, totalCount = 1, detail = {long_connection=1, long_polling=0}

2026-08-29 18:41:39,480 INFO Connection check task start

2026-08-29 18:41:39,480 INFO Long connection metrics detail ,Total count =1, sdkCount=1,clusterCount=0

2026-08-29 18:41:39,480 INFO Out dated connection ,size=0

2026-08-29 18:41:39,480 INFO Connection check task end

2026-08-29 18:41:41,444 INFO ConnectionMetrics, totalCount = 1, detail = {long_connection=1, long_polling=0}

2026-08-29 18:41:42,485 INFO Connection check task start

2026-08-29 18:41:42,485 INFO Long connection metrics detail ,Total count =1, sdkCount=1,clusterCount=0

2026-08-29 18:41:42,485 INFO Out dated connection ,size=0

2026-08-29 18:41:42,485 INFO Connection check task end

2026-08-29 18:41:44,449 INFO ConnectionMetrics, totalCount = 1, detail = {long_connection=1, long_polling=0}

2026-08-29 18:41:45,490 INFO Connection check task start

2026-08-29 18:41:45,490 INFO Long connection metrics detail ,Total count =1, sdkCount=1,clusterCount=0

2026-08-29 18:41:45,491 INFO Out dated connection ,size=0

2026-08-29 18:41:45,491 INFO Connection check task end

2026-08-29 18:41:47,455 INFO ConnectionMetrics, totalCount = 1, detail = {long_connection=1, long_polling=0}

2026-08-29 18:41:48,507 INFO Connection check task start

2026-08-29 18:41:48,507 INFO Long connection metrics detail ,Total count =1, sdkCount=1,clusterCount=0

2026-08-29 18:41:48,507 INFO Out dated connection ,size=0

2026-08-29 18:41:48,507 INFO Connection check task end

2026-08-29 18:41:50,464 INFO ConnectionMetrics, totalCount = 1, detail = {long_connection=1, long_polling=0}

2026-08-29 18:41:51,522 INFO Connection check task start

2026-08-29 18:41:51,522 INFO Long connection metrics detail ,Total count =1, sdkCount=1,clusterCount=0

2026-08-29 18:41:51,522 INFO Out dated connection ,size=0

2026-08-29 18:41:51,522 INFO Connection check task end

2026-08-29 18:41:53,468 INFO ConnectionMetrics, totalCount = 1, detail = {long_connection=1, long_polling=0}

2026-08-29 18:41:54,536 INFO Connection check task start

2026-08-29 18:41:54,536 INFO Long connection metrics detail ,Total count =1, sdkCount=1,clusterCount=0

2026-08-29 18:41:54,536 INFO Out dated connection ,size=0

2026-08-29 18:41:54,536 INFO Connection check task end

2026-08-29 18:41:56,476 INFO ConnectionMetrics, totalCount = 1, detail = {long_connection=1, long_polling=0}

2026-08-29 18:41:57,548 INFO Connection check task start

2026-08-29 18:41:57,548 INFO Long connection metrics detail ,Total count =1, sdkCount=1,clusterCount=0

2026-08-29 18:41:57,548 INFO Out dated connection ,size=0

2026-08-29 18:41:57,548 INFO Connection check task end

2026-08-29 18:41:59,481 INFO ConnectionMetrics, totalCount = 1, detail = {long_connection=1, long_polling=0}

2026-08-29 18:42:00,561 INFO Connection check task start

2026-08-29 18:42:00,561 INFO Long connection metrics detail ,Total count =1, sdkCount=1,clusterCount=0

2026-08-29 18:42:00,561 INFO Out dated connection ,size=0

2026-08-29 18:42:00,561 INFO Connection check task end

2026-08-29 18:42:02,494 INFO ConnectionMetrics, totalCount = 1, detail = {long_connection=1, long_polling=0}

2026-08-29 18:42:03,576 INFO Connection check task start

2026-08-29 18:42:03,576 INFO Long connection metrics detail ,Total count =1, sdkCount=1,clusterCount=0

2026-08-29 18:42:03,576 INFO Out dated connection ,size=0

2026-08-29 18:42:03,576 INFO Connection check task end

2026-08-29 18:42:05,507 INFO ConnectionMetrics, totalCount = 1, detail = {long_connection=1, long_polling=0}

2026-08-29 18:42:06,587 INFO Connection check task start

2026-08-29 18:42:06,587 INFO Long connection metrics detail ,Total count =1, sdkCount=1,clusterCount=0

2026-08-29 18:42:06,587 INFO Out dated connection ,size=0

2026-08-29 18:42:06,587 INFO Connection check task end

2026-08-29 18:42:08,511 INFO ConnectionMetrics, totalCount = 1, detail = {long_connection=1, long_polling=0}

2026-08-29 18:42:09,591 INFO Connection check task start

2026-08-29 18:42:09,591 INFO Long connection metrics detail ,Total count =1, sdkCount=1,clusterCount=0

2026-08-29 18:42:09,592 INFO Out dated connection ,size=0

2026-08-29 18:42:09,593 INFO Connection check task end

2026-08-29 18:42:11,518 INFO ConnectionMetrics, totalCount = 1, detail = {long_connection=1, long_polling=0}

2026-08-29 18:42:12,602 INFO Connection check task start

2026-08-29 18:42:12,602 INFO Long connection metrics detail ,Total count =1, sdkCount=1,clusterCount=0

2026-08-29 18:42:12,602 INFO Out dated connection ,size=0

2026-08-29 18:42:12,602 INFO Connection check task end

2026-08-29 18:42:14,526 INFO ConnectionMetrics, totalCount = 1, detail = {long_connection=1, long_polling=0}

2026-08-29 18:42:15,610 INFO Connection check task start

2026-08-29 18:42:15,610 INFO Long connection metrics detail ,Total count =1, sdkCount=1,clusterCount=0

2026-08-29 18:42:15,610 INFO Out dated connection ,size=0

2026-08-29 18:42:15,610 INFO Connection check task end

2026-08-29 18:42:17,532 INFO ConnectionMetrics, totalCount = 1, detail = {long_connection=1, long_polling=0}

2026-08-29 18:42:18,618 INFO Connection check task start

2026-08-29 18:42:18,618 INFO Long connection metrics detail ,Total count =1, sdkCount=1,clusterCount=0

2026-08-29 18:42:18,618 INFO Out dated connection ,size=0

2026-08-29 18:42:18,618 INFO Connection check task end

2026-08-29 18:42:20,547 INFO ConnectionMetrics, totalCount = 1, detail = {long_connection=1, long_polling=0}

2026-08-29 18:42:21,619 INFO Connection check task start

2026-08-29 18:42:21,619 INFO Long connection metrics detail ,Total count =1, sdkCount=1,clusterCount=0

2026-08-29 18:42:21,619 INFO Out dated connection ,size=0

2026-08-29 18:42:21,619 INFO Connection check task end

2026-08-29 18:42:23,559 INFO ConnectionMetrics, totalCount = 1, detail = {long_connection=1, long_polling=0}

2026-08-29 18:42:24,625 INFO Connection check task start

2026-08-29 18:42:24,625 INFO Long connection metrics detail ,Total count =1, sdkCount=1,clusterCount=0

2026-08-29 18:42:24,626 INFO Out dated connection ,size=0

2026-08-29 18:42:24,626 INFO Connection check task end

2026-08-29 18:42:26,561 INFO ConnectionMetrics, totalCount = 1, detail = {long_connection=1, long_polling=0}

2026-08-29 18:42:27,630 INFO Connection check task start

2026-08-29 18:42:27,630 INFO Long connection metrics detail ,Total count =1, sdkCount=1,clusterCount=0

2026-08-29 18:42:27,630 INFO Out dated connection ,size=0

2026-08-29 18:42:27,630 INFO Connection check task end

2026-08-29 18:42:29,567 INFO ConnectionMetrics, totalCount = 1, detail = {long_connection=1, long_polling=0}

2026-08-29 18:42:30,643 INFO Connection check task start

2026-08-29 18:42:30,643 INFO Long connection metrics detail ,Total count =1, sdkCount=1,clusterCount=0

2026-08-29 18:42:30,643 INFO Out dated connection ,size=0

2026-08-29 18:42:30,643 INFO Connection check task end

2026-08-29 18:42:32,579 INFO ConnectionMetrics, totalCount = 1, detail = {long_connection=1, long_polling=0}

2026-08-29 18:42:33,651 INFO Connection check task start

2026-08-29 18:42:33,651 INFO Long connection metrics detail ,Total count =1, sdkCount=1,clusterCount=0

2026-08-29 18:42:33,651 INFO Out dated connection ,size=0

2026-08-29 18:42:33,652 INFO Connection check task end

2026-08-29 18:42:35,591 INFO ConnectionMetrics, totalCount = 1, detail = {long_connection=1, long_polling=0}

2026-08-29 18:42:36,659 INFO Connection check task start

2026-08-29 18:42:36,659 INFO Long connection metrics detail ,Total count =1, sdkCount=1,clusterCount=0

2026-08-29 18:42:36,659 INFO Out dated connection ,size=0

2026-08-29 18:42:36,659 INFO Connection check task end

2026-08-29 18:42:38,593 INFO ConnectionMetrics, totalCount = 1, detail = {long_connection=1, long_polling=0}

2026-08-29 18:42:39,665 INFO Connection check task start

2026-08-29 18:42:39,665 INFO Long connection metrics detail ,Total count =1, sdkCount=1,clusterCount=0

2026-08-29 18:42:39,665 INFO Out dated connection ,size=0

2026-08-29 18:42:39,667 INFO Connection check task end

2026-08-29 18:42:41,608 INFO ConnectionMetrics, totalCount = 1, detail = {long_connection=1, long_polling=0}

2026-08-29 18:42:42,679 INFO Connection check task start

2026-08-29 18:42:42,679 INFO Long connection metrics detail ,Total count =1, sdkCount=1,clusterCount=0

2026-08-29 18:42:42,679 INFO Out dated connection ,size=0

2026-08-29 18:42:42,679 INFO Connection check task end

2026-08-29 18:42:44,614 INFO ConnectionMetrics, totalCount = 1, detail = {long_connection=1, long_polling=0}

2026-08-29 18:42:45,684 INFO Connection check task start

2026-08-29 18:42:45,684 INFO Long connection metrics detail ,Total count =1, sdkCount=1,clusterCount=0

2026-08-29 18:42:45,685 INFO Out dated connection ,size=0

2026-08-29 18:42:45,685 INFO Connection check task end

2026-08-29 18:42:47,619 INFO ConnectionMetrics, totalCount = 1, detail = {long_connection=1, long_polling=0}

2026-08-29 18:42:48,688 INFO Connection check task start

2026-08-29 18:42:48,688 INFO Long connection metrics detail ,Total count =1, sdkCount=1,clusterCount=0

2026-08-29 18:42:48,689 INFO Out dated connection ,size=0

2026-08-29 18:42:48,689 INFO Connection check task end

2026-08-29 18:42:50,630 INFO ConnectionMetrics, totalCount = 1, detail = {long_connection=1, long_polling=0}

2026-08-29 18:42:51,699 INFO Connection check task start

2026-08-29 18:42:51,699 INFO Long connection metrics detail ,Total count =1, sdkCount=1,clusterCount=0

2026-08-29 18:42:51,699 INFO Out dated connection ,size=0

2026-08-29 18:42:51,700 INFO Connection check task end

2026-08-29 18:42:53,631 INFO ConnectionMetrics, totalCount = 1, detail = {long_connection=1, long_polling=0}

2026-08-29 18:42:54,713 INFO Connection check task start

2026-08-29 18:42:54,713 INFO Long connection metrics detail ,Total count =1, sdkCount=1,clusterCount=0

2026-08-29 18:42:54,714 INFO Out dated connection ,size=0

2026-08-29 18:42:54,714 INFO Connection check task end

2026-08-29 18:42:56,639 INFO ConnectionMetrics, totalCount = 1, detail = {long_connection=1, long_polling=0}

2026-08-29 18:42:57,719 INFO Connection check task start

2026-08-29 18:42:57,719 INFO Long connection metrics detail ,Total count =1, sdkCount=1,clusterCount=0

2026-08-29 18:42:57,719 INFO Out dated connection ,size=0

2026-08-29 18:42:57,719 INFO Connection check task end

2026-08-29 18:42:59,645 INFO ConnectionMetrics, totalCount = 1, detail = {long_connection=1, long_polling=0}

2026-08-29 18:43:00,729 INFO Connection check task start

2026-08-29 18:43:00,730 INFO Long connection metrics detail ,Total count =1, sdkCount=1,clusterCount=0

2026-08-29 18:43:00,730 INFO Out dated connection ,size=0

2026-08-29 18:43:00,730 INFO Connection check task end

2026-08-29 18:43:02,656 INFO ConnectionMetrics, totalCount = 1, detail = {long_connection=1, long_polling=0}

2026-08-29 18:43:03,743 INFO Connection check task start

2026-08-29 18:43:03,743 INFO Long connection metrics detail ,Total count =1, sdkCount=1,clusterCount=0

2026-08-29 18:43:03,744 INFO Out dated connection ,size=0

2026-08-29 18:43:03,744 INFO Connection check task end

2026-08-29 18:43:05,665 INFO ConnectionMetrics, totalCount = 1, detail = {long_connection=1, long_polling=0}

2026-08-29 18:43:06,405 INFO [1787999848515_127.0.0.1_57179]Connection unregistered successfully. 

2026-08-29 18:43:06,759 INFO Connection check task start

2026-08-29 18:43:06,759 INFO Long connection metrics detail ,Total count =0, sdkCount=0,clusterCount=0

2026-08-29 18:43:06,759 INFO Out dated connection ,size=0

2026-08-29 18:43:06,759 INFO Connection check task end

2026-08-29 18:43:08,675 INFO ConnectionMetrics, totalCount = 0, detail = {long_connection=0, long_polling=0}

2026-08-29 18:43:09,774 INFO Connection check task start

2026-08-29 18:43:09,774 INFO Long connection metrics detail ,Total count =0, sdkCount=0,clusterCount=0

2026-08-29 18:43:09,774 INFO Out dated connection ,size=0

2026-08-29 18:43:09,774 INFO Connection check task end

2026-08-29 18:43:11,683 INFO ConnectionMetrics, totalCount = 0, detail = {long_connection=0, long_polling=0}

2026-08-29 18:43:12,784 INFO Connection check task start

2026-08-29 18:43:12,784 INFO Long connection metrics detail ,Total count =0, sdkCount=0,clusterCount=0

2026-08-29 18:43:12,784 INFO Out dated connection ,size=0

2026-08-29 18:43:12,784 INFO Connection check task end

2026-08-29 18:43:14,685 INFO ConnectionMetrics, totalCount = 0, detail = {long_connection=0, long_polling=0}

2026-08-29 18:43:15,796 INFO Connection check task start

2026-08-29 18:43:15,796 INFO Long connection metrics detail ,Total count =0, sdkCount=0,clusterCount=0

2026-08-29 18:43:15,796 INFO Out dated connection ,size=0

2026-08-29 18:43:15,796 INFO Connection check task end

2026-08-29 18:43:17,700 INFO ConnectionMetrics, totalCount = 0, detail = {long_connection=0, long_polling=0}

2026-08-29 18:43:18,799 INFO Connection check task start

2026-08-29 18:43:18,799 INFO Long connection metrics detail ,Total count =0, sdkCount=0,clusterCount=0

2026-08-29 18:43:18,799 INFO Out dated connection ,size=0

2026-08-29 18:43:18,799 INFO Connection check task end

2026-08-29 18:43:20,709 INFO ConnectionMetrics, totalCount = 0, detail = {long_connection=0, long_polling=0}

2026-08-29 18:43:21,811 INFO Connection check task start

2026-08-29 18:43:21,811 INFO Long connection metrics detail ,Total count =0, sdkCount=0,clusterCount=0

2026-08-29 18:43:21,811 INFO Out dated connection ,size=0

2026-08-29 18:43:21,811 INFO Connection check task end

2026-08-29 18:43:23,711 INFO ConnectionMetrics, totalCount = 0, detail = {long_connection=0, long_polling=0}

2026-08-29 18:43:24,819 INFO Connection check task start

2026-08-29 18:43:24,819 INFO Long connection metrics detail ,Total count =0, sdkCount=0,clusterCount=0

2026-08-29 18:43:24,819 INFO Out dated connection ,size=0

2026-08-29 18:43:24,819 INFO Connection check task end

2026-08-29 18:43:26,723 INFO ConnectionMetrics, totalCount = 0, detail = {long_connection=0, long_polling=0}

2026-08-29 18:43:27,826 INFO Connection check task start

2026-08-29 18:43:27,826 INFO Long connection metrics detail ,Total count =0, sdkCount=0,clusterCount=0

2026-08-29 18:43:27,826 INFO Out dated connection ,size=0

2026-08-29 18:43:27,826 INFO Connection check task end

2026-08-29 18:43:29,733 INFO ConnectionMetrics, totalCount = 0, detail = {long_connection=0, long_polling=0}

2026-08-29 18:43:30,836 INFO Connection check task start

2026-08-29 18:43:30,836 INFO Long connection metrics detail ,Total count =0, sdkCount=0,clusterCount=0

2026-08-29 18:43:30,836 INFO Out dated connection ,size=0

2026-08-29 18:43:30,836 INFO Connection check task end

2026-08-29 18:43:32,743 INFO ConnectionMetrics, totalCount = 0, detail = {long_connection=0, long_polling=0}

2026-08-29 18:43:33,842 INFO Connection check task start

2026-08-29 18:43:33,844 INFO Long connection metrics detail ,Total count =0, sdkCount=0,clusterCount=0

2026-08-29 18:43:33,844 INFO Out dated connection ,size=0

2026-08-29 18:43:33,844 INFO Connection check task end

2026-08-29 18:43:35,753 INFO ConnectionMetrics, totalCount = 0, detail = {long_connection=0, long_polling=0}

2026-08-29 18:43:36,844 INFO Connection check task start

2026-08-29 18:43:36,844 INFO Long connection metrics detail ,Total count =0, sdkCount=0,clusterCount=0

2026-08-29 18:43:36,845 INFO Out dated connection ,size=0

2026-08-29 18:43:36,845 INFO Connection check task end

2026-08-29 18:43:38,754 INFO ConnectionMetrics, totalCount = 0, detail = {long_connection=0, long_polling=0}

2026-08-29 18:43:39,852 INFO Connection check task start

2026-08-29 18:43:39,852 INFO Long connection metrics detail ,Total count =0, sdkCount=0,clusterCount=0

2026-08-29 18:43:39,852 INFO Out dated connection ,size=0

2026-08-29 18:43:39,852 INFO Connection check task end

2026-08-29 18:43:41,760 INFO ConnectionMetrics, totalCount = 0, detail = {long_connection=0, long_polling=0}

2026-08-29 18:43:42,866 INFO Connection check task start

2026-08-29 18:43:42,866 INFO Long connection metrics detail ,Total count =0, sdkCount=0,clusterCount=0

2026-08-29 18:43:42,866 INFO Out dated connection ,size=0

2026-08-29 18:43:42,866 INFO Connection check task end

2026-08-29 18:43:44,766 INFO ConnectionMetrics, totalCount = 0, detail = {long_connection=0, long_polling=0}

2026-08-29 18:43:45,869 INFO Connection check task start

2026-08-29 18:43:45,869 INFO Long connection metrics detail ,Total count =0, sdkCount=0,clusterCount=0

2026-08-29 18:43:45,869 INFO Out dated connection ,size=0

2026-08-29 18:43:45,869 INFO Connection check task end

2026-08-29 18:43:47,774 INFO ConnectionMetrics, totalCount = 0, detail = {long_connection=0, long_polling=0}

2026-08-29 18:43:48,874 INFO Connection check task start

2026-08-29 18:43:48,874 INFO Long connection metrics detail ,Total count =0, sdkCount=0,clusterCount=0

2026-08-29 18:43:48,874 INFO Out dated connection ,size=0

2026-08-29 18:43:48,874 INFO Connection check task end

2026-08-29 18:43:50,787 INFO ConnectionMetrics, totalCount = 0, detail = {long_connection=0, long_polling=0}

2026-08-29 18:43:51,889 INFO Connection check task start

2026-08-29 18:43:51,889 INFO Long connection metrics detail ,Total count =0, sdkCount=0,clusterCount=0

2026-08-29 18:43:51,889 INFO Out dated connection ,size=0

2026-08-29 18:43:51,889 INFO Connection check task end

2026-08-29 18:43:53,796 INFO ConnectionMetrics, totalCount = 0, detail = {long_connection=0, long_polling=0}

2026-08-29 18:43:54,902 INFO Connection check task start

2026-08-29 18:43:54,902 INFO Long connection metrics detail ,Total count =0, sdkCount=0,clusterCount=0

2026-08-29 18:43:54,902 INFO Out dated connection ,size=0

2026-08-29 18:43:54,902 INFO Connection check task end

2026-08-29 18:43:56,803 INFO ConnectionMetrics, totalCount = 0, detail = {long_connection=0, long_polling=0}

2026-08-29 18:43:57,908 INFO Connection check task start

2026-08-29 18:43:57,908 INFO Long connection metrics detail ,Total count =0, sdkCount=0,clusterCount=0

2026-08-29 18:43:57,908 INFO Out dated connection ,size=0

2026-08-29 18:43:57,908 INFO Connection check task end

2026-08-29 18:43:59,815 INFO ConnectionMetrics, totalCount = 0, detail = {long_connection=0, long_polling=0}

2026-08-29 18:44:00,916 INFO Connection check task start

2026-08-29 18:44:00,916 INFO Long connection metrics detail ,Total count =0, sdkCount=0,clusterCount=0

2026-08-29 18:44:00,917 INFO Out dated connection ,size=0

2026-08-29 18:44:00,917 INFO Connection check task end

2026-08-29 18:44:02,815 INFO ConnectionMetrics, totalCount = 0, detail = {long_connection=0, long_polling=0}

2026-08-29 18:44:03,920 INFO Connection check task start

2026-08-29 18:44:03,920 INFO Long connection metrics detail ,Total count =0, sdkCount=0,clusterCount=0

2026-08-29 18:44:03,920 INFO Out dated connection ,size=0

2026-08-29 18:44:03,920 INFO Connection check task end

2026-08-29 18:44:05,818 INFO ConnectionMetrics, totalCount = 0, detail = {long_connection=0, long_polling=0}

2026-08-29 18:44:06,935 INFO Connection check task start

2026-08-29 18:44:06,935 INFO Long connection metrics detail ,Total count =0, sdkCount=0,clusterCount=0

2026-08-29 18:44:06,936 INFO Out dated connection ,size=0

2026-08-29 18:44:06,936 INFO Connection check task end

2026-08-29 18:44:08,824 INFO ConnectionMetrics, totalCount = 0, detail = {long_connection=0, long_polling=0}

2026-08-29 18:44:09,942 INFO Connection check task start

2026-08-29 18:44:09,942 INFO Long connection metrics detail ,Total count =0, sdkCount=0,clusterCount=0

2026-08-29 18:44:09,942 INFO Out dated connection ,size=0

2026-08-29 18:44:09,942 INFO Connection check task end

2026-08-29 18:44:11,830 INFO ConnectionMetrics, totalCount = 0, detail = {long_connection=0, long_polling=0}

2026-08-29 18:44:12,947 INFO Connection check task start

2026-08-29 18:44:12,947 INFO Long connection metrics detail ,Total count =0, sdkCount=0,clusterCount=0

2026-08-29 18:44:12,947 INFO Out dated connection ,size=0

2026-08-29 18:44:12,947 INFO Connection check task end

2026-08-29 18:44:14,842 INFO ConnectionMetrics, totalCount = 0, detail = {long_connection=0, long_polling=0}

2026-08-29 18:44:15,960 INFO Connection check task start

2026-08-29 18:44:15,960 INFO Long connection metrics detail ,Total count =0, sdkCount=0,clusterCount=0

2026-08-29 18:44:15,960 INFO Out dated connection ,size=0

2026-08-29 18:44:15,960 INFO Connection check task end

2026-08-29 18:44:17,846 INFO ConnectionMetrics, totalCount = 0, detail = {long_connection=0, long_polling=0}

2026-08-29 18:44:18,966 INFO Connection check task start

2026-08-29 18:44:18,966 INFO Long connection metrics detail ,Total count =0, sdkCount=0,clusterCount=0

2026-08-29 18:44:18,968 INFO Out dated connection ,size=0

2026-08-29 18:44:18,968 INFO Connection check task end

2026-08-29 18:44:20,855 INFO ConnectionMetrics, totalCount = 0, detail = {long_connection=0, long_polling=0}

2026-08-29 18:44:21,978 INFO Connection check task start

2026-08-29 18:44:21,978 INFO Long connection metrics detail ,Total count =0, sdkCount=0,clusterCount=0

2026-08-29 18:44:21,978 INFO Out dated connection ,size=0

2026-08-29 18:44:21,978 INFO Connection check task end

2026-08-29 18:44:23,868 INFO ConnectionMetrics, totalCount = 0, detail = {long_connection=0, long_polling=0}

2026-08-29 18:44:24,995 INFO Connection check task start

2026-08-29 18:44:24,995 INFO Long connection metrics detail ,Total count =0, sdkCount=0,clusterCount=0

2026-08-29 18:44:24,995 INFO Out dated connection ,size=0

2026-08-29 18:44:24,995 INFO Connection check task end

2026-08-29 18:44:26,871 INFO ConnectionMetrics, totalCount = 0, detail = {long_connection=0, long_polling=0}

2026-08-29 18:44:28,007 INFO Connection check task start

2026-08-29 18:44:28,007 INFO Long connection metrics detail ,Total count =0, sdkCount=0,clusterCount=0

2026-08-29 18:44:28,007 INFO Out dated connection ,size=0

2026-08-29 18:44:28,007 INFO Connection check task end

2026-08-29 18:44:29,884 INFO ConnectionMetrics, totalCount = 0, detail = {long_connection=0, long_polling=0}

2026-08-29 18:44:31,009 INFO Connection check task start

2026-08-29 18:44:31,009 INFO Long connection metrics detail ,Total count =0, sdkCount=0,clusterCount=0

2026-08-29 18:44:31,009 INFO Out dated connection ,size=0

2026-08-29 18:44:31,009 INFO Connection check task end

2026-08-29 18:44:32,897 INFO ConnectionMetrics, totalCount = 0, detail = {long_connection=0, long_polling=0}

2026-08-29 18:44:34,019 INFO Connection check task start

2026-08-29 18:44:34,019 INFO Long connection metrics detail ,Total count =0, sdkCount=0,clusterCount=0

2026-08-29 18:44:34,019 INFO Out dated connection ,size=0

2026-08-29 18:44:34,019 INFO Connection check task end

2026-08-29 18:44:35,899 INFO ConnectionMetrics, totalCount = 0, detail = {long_connection=0, long_polling=0}

2026-08-29 18:44:37,029 INFO Connection check task start

2026-08-29 18:44:37,029 INFO Long connection metrics detail ,Total count =0, sdkCount=0,clusterCount=0

2026-08-29 18:44:37,029 INFO Out dated connection ,size=0

2026-08-29 18:44:37,029 INFO Connection check task end

2026-08-29 18:44:38,913 INFO ConnectionMetrics, totalCount = 0, detail = {long_connection=0, long_polling=0}

2026-08-29 18:44:40,036 INFO Connection check task start

2026-08-29 18:44:40,036 INFO Long connection metrics detail ,Total count =0, sdkCount=0,clusterCount=0

2026-08-29 18:44:40,036 INFO Out dated connection ,size=0

2026-08-29 18:44:40,036 INFO Connection check task end

2026-08-29 18:44:41,914 INFO ConnectionMetrics, totalCount = 0, detail = {long_connection=0, long_polling=0}

2026-08-29 18:44:43,040 INFO Connection check task start

2026-08-29 18:44:43,040 INFO Long connection metrics detail ,Total count =0, sdkCount=0,clusterCount=0

2026-08-29 18:44:43,040 INFO Out dated connection ,size=0

2026-08-29 18:44:43,040 INFO Connection check task end

2026-08-29 18:44:44,914 INFO ConnectionMetrics, totalCount = 0, detail = {long_connection=0, long_polling=0}

2026-08-29 18:44:46,052 INFO Connection check task start

2026-08-29 18:44:46,052 INFO Long connection metrics detail ,Total count =0, sdkCount=0,clusterCount=0

2026-08-29 18:44:46,052 INFO Out dated connection ,size=0

2026-08-29 18:44:46,052 INFO Connection check task end

2026-08-29 18:44:47,922 INFO ConnectionMetrics, totalCount = 0, detail = {long_connection=0, long_polling=0}

2026-08-29 18:44:49,059 INFO Connection check task start

2026-08-29 18:44:49,059 INFO Long connection metrics detail ,Total count =0, sdkCount=0,clusterCount=0

2026-08-29 18:44:49,059 INFO Out dated connection ,size=0

2026-08-29 18:44:49,059 INFO Connection check task end

2026-08-29 18:44:50,933 INFO ConnectionMetrics, totalCount = 0, detail = {long_connection=0, long_polling=0}

2026-08-29 18:44:52,069 INFO Connection check task start

2026-08-29 18:44:52,070 INFO Long connection metrics detail ,Total count =0, sdkCount=0,clusterCount=0

2026-08-29 18:44:52,072 INFO Out dated connection ,size=0

2026-08-29 18:44:52,072 INFO Connection check task end

2026-08-29 18:44:53,949 INFO ConnectionMetrics, totalCount = 0, detail = {long_connection=0, long_polling=0}

2026-08-29 18:44:55,082 INFO Connection check task start

2026-08-29 18:44:55,082 INFO Long connection metrics detail ,Total count =0, sdkCount=0,clusterCount=0

2026-08-29 18:44:55,082 INFO Out dated connection ,size=0

2026-08-29 18:44:55,082 INFO Connection check task end

2026-08-29 18:44:56,959 INFO ConnectionMetrics, totalCount = 0, detail = {long_connection=0, long_polling=0}

2026-08-29 18:44:58,095 INFO Connection check task start

2026-08-29 18:44:58,096 INFO Long connection metrics detail ,Total count =0, sdkCount=0,clusterCount=0

2026-08-29 18:44:58,096 INFO Out dated connection ,size=0

2026-08-29 18:44:58,096 INFO Connection check task end

2026-08-29 18:44:59,967 INFO ConnectionMetrics, totalCount = 0, detail = {long_connection=0, long_polling=0}

2026-08-29 18:45:01,104 INFO Connection check task start

2026-08-29 18:45:01,104 INFO Long connection metrics detail ,Total count =0, sdkCount=0,clusterCount=0

2026-08-29 18:45:01,105 INFO Out dated connection ,size=0

2026-08-29 18:45:01,105 INFO Connection check task end

2026-08-29 18:45:02,978 INFO ConnectionMetrics, totalCount = 0, detail = {long_connection=0, long_polling=0}

2026-08-29 18:45:04,116 INFO Connection check task start

2026-08-29 18:45:04,117 INFO Long connection metrics detail ,Total count =0, sdkCount=0,clusterCount=0

2026-08-29 18:45:04,117 INFO Out dated connection ,size=0

2026-08-29 18:45:04,117 INFO Connection check task end

2026-08-29 18:45:05,987 INFO ConnectionMetrics, totalCount = 0, detail = {long_connection=0, long_polling=0}

2026-08-29 18:45:07,120 INFO Connection check task start

2026-08-29 18:45:07,120 INFO Long connection metrics detail ,Total count =0, sdkCount=0,clusterCount=0

2026-08-29 18:45:07,120 INFO Out dated connection ,size=0

2026-08-29 18:45:07,120 INFO Connection check task end

2026-08-29 18:45:08,999 INFO ConnectionMetrics, totalCount = 0, detail = {long_connection=0, long_polling=0}

2026-08-29 18:45:10,136 INFO Connection check task start

2026-08-29 18:45:10,136 INFO Long connection metrics detail ,Total count =0, sdkCount=0,clusterCount=0

2026-08-29 18:45:10,137 INFO Out dated connection ,size=0

2026-08-29 18:45:10,137 INFO Connection check task end

2026-08-29 18:45:12,001 INFO ConnectionMetrics, totalCount = 0, detail = {long_connection=0, long_polling=0}

2026-08-29 18:45:13,149 INFO Connection check task start

2026-08-29 18:45:13,149 INFO Long connection metrics detail ,Total count =0, sdkCount=0,clusterCount=0

2026-08-29 18:45:13,149 INFO Out dated connection ,size=0

2026-08-29 18:45:13,149 INFO Connection check task end

2026-08-29 18:45:15,005 INFO ConnectionMetrics, totalCount = 0, detail = {long_connection=0, long_polling=0}

2026-08-29 18:45:16,155 INFO Connection check task start

2026-08-29 18:45:16,155 INFO Long connection metrics detail ,Total count =0, sdkCount=0,clusterCount=0

2026-08-29 18:45:16,155 INFO Out dated connection ,size=0

2026-08-29 18:45:16,155 INFO Connection check task end

2026-08-29 18:45:18,015 INFO ConnectionMetrics, totalCount = 0, detail = {long_connection=0, long_polling=0}

2026-08-29 18:45:19,161 INFO Connection check task start

2026-08-29 18:45:19,161 INFO Long connection metrics detail ,Total count =0, sdkCount=0,clusterCount=0

2026-08-29 18:45:19,161 INFO Out dated connection ,size=0

2026-08-29 18:45:19,161 INFO Connection check task end

2026-08-29 18:45:21,024 INFO ConnectionMetrics, totalCount = 0, detail = {long_connection=0, long_polling=0}

2026-08-29 18:45:22,173 INFO Connection check task start

2026-08-29 18:45:22,174 INFO Long connection metrics detail ,Total count =0, sdkCount=0,clusterCount=0

2026-08-29 18:45:22,174 INFO Out dated connection ,size=0

2026-08-29 18:45:22,174 INFO Connection check task end

2026-08-29 18:45:24,030 INFO ConnectionMetrics, totalCount = 0, detail = {long_connection=0, long_polling=0}

2026-08-29 18:45:25,189 INFO Connection check task start

2026-08-29 18:45:25,189 INFO Long connection metrics detail ,Total count =0, sdkCount=0,clusterCount=0

2026-08-29 18:45:25,189 INFO Out dated connection ,size=0

2026-08-29 18:45:25,189 INFO Connection check task end

2026-08-29 18:45:27,039 INFO ConnectionMetrics, totalCount = 0, detail = {long_connection=0, long_polling=0}

2026-08-29 18:45:28,202 INFO Connection check task start

2026-08-29 18:45:28,202 INFO Long connection metrics detail ,Total count =0, sdkCount=0,clusterCount=0

2026-08-29 18:45:28,202 INFO Out dated connection ,size=0

2026-08-29 18:45:28,202 INFO Connection check task end

2026-08-29 18:45:30,045 INFO ConnectionMetrics, totalCount = 0, detail = {long_connection=0, long_polling=0}

2026-08-29 18:45:31,214 INFO Connection check task start

2026-08-29 18:45:31,214 INFO Long connection metrics detail ,Total count =0, sdkCount=0,clusterCount=0

2026-08-29 18:45:31,214 INFO Out dated connection ,size=0

2026-08-29 18:45:31,214 INFO Connection check task end

2026-08-29 18:45:33,050 INFO ConnectionMetrics, totalCount = 0, detail = {long_connection=0, long_polling=0}

2026-08-29 18:45:34,227 INFO Connection check task start

2026-08-29 18:45:34,227 INFO Long connection metrics detail ,Total count =0, sdkCount=0,clusterCount=0

2026-08-29 18:45:34,227 INFO Out dated connection ,size=0

2026-08-29 18:45:34,227 INFO Connection check task end

2026-08-29 18:45:36,054 INFO ConnectionMetrics, totalCount = 0, detail = {long_connection=0, long_polling=0}

2026-08-29 18:45:37,232 INFO Connection check task start

2026-08-29 18:45:37,232 INFO Long connection metrics detail ,Total count =0, sdkCount=0,clusterCount=0

2026-08-29 18:45:37,232 INFO Out dated connection ,size=0

2026-08-29 18:45:37,232 INFO Connection check task end

2026-08-29 18:45:39,067 INFO ConnectionMetrics, totalCount = 0, detail = {long_connection=0, long_polling=0}

2026-08-29 18:45:40,241 INFO Connection check task start

2026-08-29 18:45:40,241 INFO Long connection metrics detail ,Total count =0, sdkCount=0,clusterCount=0

2026-08-29 18:45:40,241 INFO Out dated connection ,size=0

2026-08-29 18:45:40,241 INFO Connection check task end

2026-08-29 18:45:42,082 INFO ConnectionMetrics, totalCount = 0, detail = {long_connection=0, long_polling=0}

2026-08-29 18:45:43,249 INFO Connection check task start

2026-08-29 18:45:43,249 INFO Long connection metrics detail ,Total count =0, sdkCount=0,clusterCount=0

2026-08-29 18:45:43,249 INFO Out dated connection ,size=0

2026-08-29 18:45:43,249 INFO Connection check task end

2026-08-29 18:45:45,091 INFO ConnectionMetrics, totalCount = 0, detail = {long_connection=0, long_polling=0}

2026-08-29 18:45:46,249 INFO Connection check task start

2026-08-29 18:45:46,249 INFO Long connection metrics detail ,Total count =0, sdkCount=0,clusterCount=0

2026-08-29 18:45:46,250 INFO Out dated connection ,size=0

2026-08-29 18:45:46,250 INFO Connection check task end

2026-08-29 18:45:48,093 INFO ConnectionMetrics, totalCount = 0, detail = {long_connection=0, long_polling=0}

2026-08-29 18:45:49,257 INFO Connection check task start

2026-08-29 18:45:49,257 INFO Long connection metrics detail ,Total count =0, sdkCount=0,clusterCount=0

2026-08-29 18:45:49,257 INFO Out dated connection ,size=0

2026-08-29 18:45:49,257 INFO Connection check task end

2026-08-29 18:45:51,104 INFO ConnectionMetrics, totalCount = 0, detail = {long_connection=0, long_polling=0}

2026-08-29 18:45:52,270 INFO Connection check task start

2026-08-29 18:45:52,270 INFO Long connection metrics detail ,Total count =0, sdkCount=0,clusterCount=0

2026-08-29 18:45:52,270 INFO Out dated connection ,size=0

2026-08-29 18:45:52,271 INFO Connection check task end

2026-08-29 18:45:54,117 INFO ConnectionMetrics, totalCount = 0, detail = {long_connection=0, long_polling=0}

2026-08-29 18:45:55,275 INFO Connection check task start

2026-08-29 18:45:55,275 INFO Long connection metrics detail ,Total count =0, sdkCount=0,clusterCount=0

2026-08-29 18:45:55,276 INFO Out dated connection ,size=0

2026-08-29 18:45:55,276 INFO Connection check task end

2026-08-29 18:45:57,129 INFO ConnectionMetrics, totalCount = 0, detail = {long_connection=0, long_polling=0}

2026-08-29 18:45:58,280 INFO Connection check task start

2026-08-29 18:45:58,280 INFO Long connection metrics detail ,Total count =0, sdkCount=0,clusterCount=0

2026-08-29 18:45:58,280 INFO Out dated connection ,size=0

2026-08-29 18:45:58,280 INFO Connection check task end

2026-08-29 18:46:00,131 INFO ConnectionMetrics, totalCount = 0, detail = {long_connection=0, long_polling=0}

2026-08-29 18:46:01,296 INFO Connection check task start

2026-08-29 18:46:01,296 INFO Long connection metrics detail ,Total count =0, sdkCount=0,clusterCount=0

2026-08-29 18:46:01,296 INFO Out dated connection ,size=0

2026-08-29 18:46:01,296 INFO Connection check task end

2026-08-29 18:46:03,139 INFO ConnectionMetrics, totalCount = 0, detail = {long_connection=0, long_polling=0}

2026-08-29 18:46:04,301 INFO Connection check task start

2026-08-29 18:46:04,302 INFO Long connection metrics detail ,Total count =0, sdkCount=0,clusterCount=0

2026-08-29 18:46:04,302 INFO Out dated connection ,size=0

2026-08-29 18:46:04,302 INFO Connection check task end

2026-08-29 18:46:06,149 INFO ConnectionMetrics, totalCount = 0, detail = {long_connection=0, long_polling=0}

2026-08-29 18:46:07,315 INFO Connection check task start

2026-08-29 18:46:07,315 INFO Long connection metrics detail ,Total count =0, sdkCount=0,clusterCount=0

2026-08-29 18:46:07,315 INFO Out dated connection ,size=0

2026-08-29 18:46:07,315 INFO Connection check task end

2026-08-29 18:46:09,164 INFO ConnectionMetrics, totalCount = 0, detail = {long_connection=0, long_polling=0}

2026-08-29 18:46:10,316 INFO Connection check task start

2026-08-29 18:46:10,316 INFO Long connection metrics detail ,Total count =0, sdkCount=0,clusterCount=0

2026-08-29 18:46:10,317 INFO Out dated connection ,size=0

2026-08-29 18:46:10,317 INFO Connection check task end

2026-08-29 18:46:12,172 INFO ConnectionMetrics, totalCount = 0, detail = {long_connection=0, long_polling=0}

2026-08-29 18:46:13,324 INFO Connection check task start

2026-08-29 18:46:13,324 INFO Long connection metrics detail ,Total count =0, sdkCount=0,clusterCount=0

2026-08-29 18:46:13,325 INFO Out dated connection ,size=0

2026-08-29 18:46:13,325 INFO Connection check task end

2026-08-29 18:46:15,187 INFO ConnectionMetrics, totalCount = 0, detail = {long_connection=0, long_polling=0}

2026-08-29 18:46:16,334 INFO Connection check task start

2026-08-29 18:46:16,334 INFO Long connection metrics detail ,Total count =0, sdkCount=0,clusterCount=0

2026-08-29 18:46:16,334 INFO Out dated connection ,size=0

2026-08-29 18:46:16,335 INFO Connection check task end

2026-08-29 18:46:18,198 INFO ConnectionMetrics, totalCount = 0, detail = {long_connection=0, long_polling=0}

2026-08-29 18:46:19,346 INFO Connection check task start

2026-08-29 18:46:19,346 INFO Long connection metrics detail ,Total count =0, sdkCount=0,clusterCount=0

2026-08-29 18:46:19,346 INFO Out dated connection ,size=0

2026-08-29 18:46:19,346 INFO Connection check task end

2026-08-29 18:46:21,201 INFO ConnectionMetrics, totalCount = 0, detail = {long_connection=0, long_polling=0}

2026-08-29 18:46:22,351 INFO Connection check task start

2026-08-29 18:46:22,351 INFO Long connection metrics detail ,Total count =0, sdkCount=0,clusterCount=0

2026-08-29 18:46:22,351 INFO Out dated connection ,size=0

2026-08-29 18:46:22,351 INFO Connection check task end

2026-08-29 18:46:24,209 INFO ConnectionMetrics, totalCount = 0, detail = {long_connection=0, long_polling=0}

2026-08-29 18:46:25,357 INFO Connection check task start

2026-08-29 18:46:25,357 INFO Long connection metrics detail ,Total count =0, sdkCount=0,clusterCount=0

2026-08-29 18:46:25,357 INFO Out dated connection ,size=0

2026-08-29 18:46:25,357 INFO Connection check task end

2026-08-29 18:46:27,224 INFO ConnectionMetrics, totalCount = 0, detail = {long_connection=0, long_polling=0}

2026-08-29 18:46:28,373 INFO Connection check task start

2026-08-29 18:46:28,373 INFO Long connection metrics detail ,Total count =0, sdkCount=0,clusterCount=0

2026-08-29 18:46:28,373 INFO Out dated connection ,size=0

2026-08-29 18:46:28,373 INFO Connection check task end

2026-08-29 18:46:30,228 INFO ConnectionMetrics, totalCount = 0, detail = {long_connection=0, long_polling=0}

2026-08-29 18:46:31,384 INFO Connection check task start

2026-08-29 18:46:31,384 INFO Long connection metrics detail ,Total count =0, sdkCount=0,clusterCount=0

2026-08-29 18:46:31,384 INFO Out dated connection ,size=0

2026-08-29 18:46:31,384 INFO Connection check task end

2026-08-29 18:46:33,230 INFO ConnectionMetrics, totalCount = 0, detail = {long_connection=0, long_polling=0}

2026-08-29 18:46:34,390 INFO Connection check task start

2026-08-29 18:46:34,390 INFO Long connection metrics detail ,Total count =0, sdkCount=0,clusterCount=0

2026-08-29 18:46:34,390 INFO Out dated connection ,size=0

2026-08-29 18:46:34,390 INFO Connection check task end

2026-08-29 18:46:36,237 INFO ConnectionMetrics, totalCount = 0, detail = {long_connection=0, long_polling=0}

2026-08-29 18:46:37,401 INFO Connection check task start

2026-08-29 18:46:37,401 INFO Long connection metrics detail ,Total count =0, sdkCount=0,clusterCount=0

2026-08-29 18:46:37,401 INFO Out dated connection ,size=0

2026-08-29 18:46:37,401 INFO Connection check task end

2026-08-29 18:46:39,245 INFO ConnectionMetrics, totalCount = 0, detail = {long_connection=0, long_polling=0}

2026-08-29 18:46:40,412 INFO Connection check task start

2026-08-29 18:46:40,412 INFO Long connection metrics detail ,Total count =0, sdkCount=0,clusterCount=0

2026-08-29 18:46:40,412 INFO Out dated connection ,size=0

2026-08-29 18:46:40,412 INFO Connection check task end

2026-08-29 18:46:42,246 INFO ConnectionMetrics, totalCount = 0, detail = {long_connection=0, long_polling=0}

2026-08-29 18:46:43,414 INFO Connection check task start

2026-08-29 18:46:43,414 INFO Long connection metrics detail ,Total count =0, sdkCount=0,clusterCount=0

2026-08-29 18:46:43,414 INFO Out dated connection ,size=0

2026-08-29 18:46:43,414 INFO Connection check task end

2026-08-29 18:46:45,255 INFO ConnectionMetrics, totalCount = 0, detail = {long_connection=0, long_polling=0}

2026-08-29 18:46:46,425 INFO Connection check task start

2026-08-29 18:46:46,425 INFO Long connection metrics detail ,Total count =0, sdkCount=0,clusterCount=0

2026-08-29 18:46:46,425 INFO Out dated connection ,size=0

2026-08-29 18:46:46,425 INFO Connection check task end

2026-08-29 18:46:48,256 INFO ConnectionMetrics, totalCount = 0, detail = {long_connection=0, long_polling=0}

2026-08-29 18:46:49,440 INFO Connection check task start

2026-08-29 18:46:49,440 INFO Long connection metrics detail ,Total count =0, sdkCount=0,clusterCount=0

2026-08-29 18:46:49,440 INFO Out dated connection ,size=0

2026-08-29 18:46:49,440 INFO Connection check task end

2026-08-29 18:46:49,455 INFO [capacityManagement] start correct usage

2026-08-29 18:46:49,463 INFO [capacityManagement] end correct usage, cost: 0.0068028s

2026-08-29 18:46:49,598 WARN clearConfigHistory start

2026-08-29 18:46:49,598 WARN clearConfigHistory, getBeforeStamp:2026-07-30 18:46:49.0, pageSize:1000

2026-08-29 18:46:51,271 INFO ConnectionMetrics, totalCount = 0, detail = {long_connection=0, long_polling=0}

2026-08-29 18:46:52,451 INFO Connection check task start

2026-08-29 18:46:52,451 INFO Long connection metrics detail ,Total count =0, sdkCount=0,clusterCount=0

2026-08-29 18:46:52,451 INFO Out dated connection ,size=0

2026-08-29 18:46:52,451 INFO Connection check task end

2026-08-29 18:46:54,279 INFO ConnectionMetrics, totalCount = 0, detail = {long_connection=0, long_polling=0}

2026-08-29 18:46:55,460 INFO Connection check task start

2026-08-29 18:46:55,460 INFO Long connection metrics detail ,Total count =0, sdkCount=0,clusterCount=0

2026-08-29 18:46:55,460 INFO Out dated connection ,size=0

2026-08-29 18:46:55,460 INFO Connection check task end

2026-08-29 18:46:57,290 INFO ConnectionMetrics, totalCount = 0, detail = {long_connection=0, long_polling=0}

2026-08-29 18:46:58,466 INFO Connection check task start

2026-08-29 18:46:58,466 INFO Long connection metrics detail ,Total count =0, sdkCount=0,clusterCount=0

2026-08-29 18:46:58,466 INFO Out dated connection ,size=0

2026-08-29 18:46:58,466 INFO Connection check task end

2026-08-29 18:47:00,296 INFO ConnectionMetrics, totalCount = 0, detail = {long_connection=0, long_polling=0}

2026-08-29 18:47:01,475 INFO Connection check task start

2026-08-29 18:47:01,475 INFO Long connection metrics detail ,Total count =0, sdkCount=0,clusterCount=0

2026-08-29 18:47:01,475 INFO Out dated connection ,size=0

2026-08-29 18:47:01,475 INFO Connection check task end

2026-08-29 18:47:03,309 INFO ConnectionMetrics, totalCount = 0, detail = {long_connection=0, long_polling=0}

2026-08-29 18:47:04,477 INFO Connection check task start

2026-08-29 18:47:04,477 INFO Long connection metrics detail ,Total count =0, sdkCount=0,clusterCount=0

2026-08-29 18:47:04,477 INFO Out dated connection ,size=0

2026-08-29 18:47:04,477 INFO Connection check task end

2026-08-29 18:47:06,313 INFO ConnectionMetrics, totalCount = 0, detail = {long_connection=0, long_polling=0}

2026-08-29 18:47:07,484 INFO Connection check task start

2026-08-29 18:47:07,484 INFO Long connection metrics detail ,Total count =0, sdkCount=0,clusterCount=0

2026-08-29 18:47:07,484 INFO Out dated connection ,size=0

2026-08-29 18:47:07,485 INFO Connection check task end

2026-08-29 18:47:09,327 INFO ConnectionMetrics, totalCount = 0, detail = {long_connection=0, long_polling=0}

2026-08-29 18:47:10,492 INFO Connection check task start

2026-08-29 18:47:10,492 INFO Long connection metrics detail ,Total count =0, sdkCount=0,clusterCount=0

2026-08-29 18:47:10,492 INFO Out dated connection ,size=0

2026-08-29 18:47:10,492 INFO Connection check task end

2026-08-29 18:47:12,341 INFO ConnectionMetrics, totalCount = 0, detail = {long_connection=0, long_polling=0}

2026-08-29 18:47:13,504 INFO Connection check task start

2026-08-29 18:47:13,504 INFO Long connection metrics detail ,Total count =0, sdkCount=0,clusterCount=0

2026-08-29 18:47:13,504 INFO Out dated connection ,size=0

2026-08-29 18:47:13,504 INFO Connection check task end

2026-08-29 18:47:15,346 INFO ConnectionMetrics, totalCount = 0, detail = {long_connection=0, long_polling=0}

2026-08-29 18:47:16,516 INFO Connection check task start

2026-08-29 18:47:16,516 INFO Long connection metrics detail ,Total count =0, sdkCount=0,clusterCount=0

2026-08-29 18:47:16,516 INFO Out dated connection ,size=0

2026-08-29 18:47:16,516 INFO Connection check task end

2026-08-29 18:47:18,361 INFO ConnectionMetrics, totalCount = 0, detail = {long_connection=0, long_polling=0}

2026-08-29 18:47:19,522 INFO Connection check task start

2026-08-29 18:47:19,522 INFO Long connection metrics detail ,Total count =0, sdkCount=0,clusterCount=0

2026-08-29 18:47:19,522 INFO Out dated connection ,size=0

2026-08-29 18:47:19,522 INFO Connection check task end

2026-08-29 18:47:21,374 INFO ConnectionMetrics, totalCount = 0, detail = {long_connection=0, long_polling=0}

2026-08-29 18:47:22,538 INFO Connection check task start

2026-08-29 18:47:22,538 INFO Long connection metrics detail ,Total count =0, sdkCount=0,clusterCount=0

2026-08-29 18:47:22,538 INFO Out dated connection ,size=0

2026-08-29 18:47:22,538 INFO Connection check task end

2026-08-29 18:47:24,378 INFO ConnectionMetrics, totalCount = 0, detail = {long_connection=0, long_polling=0}

2026-08-29 18:47:25,552 INFO Connection check task start

2026-08-29 18:47:25,552 INFO Long connection metrics detail ,Total count =0, sdkCount=0,clusterCount=0

2026-08-29 18:47:25,552 INFO Out dated connection ,size=0

2026-08-29 18:47:25,553 INFO Connection check task end

2026-08-29 18:47:27,381 INFO ConnectionMetrics, totalCount = 0, detail = {long_connection=0, long_polling=0}

2026-08-29 18:47:28,565 INFO Connection check task start

2026-08-29 18:47:28,565 INFO Long connection metrics detail ,Total count =0, sdkCount=0,clusterCount=0

2026-08-29 18:47:28,565 INFO Out dated connection ,size=0

2026-08-29 18:47:28,565 INFO Connection check task end

2026-08-29 18:47:30,384 INFO ConnectionMetrics, totalCount = 0, detail = {long_connection=0, long_polling=0}

2026-08-29 18:47:31,568 INFO Connection check task start

2026-08-29 18:47:31,568 INFO Long connection metrics detail ,Total count =0, sdkCount=0,clusterCount=0

2026-08-29 18:47:31,568 INFO Out dated connection ,size=0

2026-08-29 18:47:31,568 INFO Connection check task end

2026-08-29 18:47:33,392 INFO ConnectionMetrics, totalCount = 0, detail = {long_connection=0, long_polling=0}

2026-08-29 18:47:34,569 INFO Connection check task start

2026-08-29 18:47:34,570 INFO Long connection metrics detail ,Total count =0, sdkCount=0,clusterCount=0

2026-08-29 18:47:34,570 INFO Out dated connection ,size=0

2026-08-29 18:47:34,570 INFO Connection check task end

2026-08-29 18:47:36,406 INFO ConnectionMetrics, totalCount = 0, detail = {long_connection=0, long_polling=0}

2026-08-29 18:47:37,577 INFO Connection check task start

2026-08-29 18:47:37,577 INFO Long connection metrics detail ,Total count =0, sdkCount=0,clusterCount=0

2026-08-29 18:47:37,577 INFO Out dated connection ,size=0

2026-08-29 18:47:37,577 INFO Connection check task end

2026-08-29 18:47:39,421 INFO ConnectionMetrics, totalCount = 0, detail = {long_connection=0, long_polling=0}

2026-08-29 18:47:40,579 INFO Connection check task start

2026-08-29 18:47:40,579 INFO Long connection metrics detail ,Total count =0, sdkCount=0,clusterCount=0

2026-08-29 18:47:40,580 INFO Out dated connection ,size=0

2026-08-29 18:47:40,580 INFO Connection check task end

2026-08-29 18:47:42,429 INFO ConnectionMetrics, totalCount = 0, detail = {long_connection=0, long_polling=0}

2026-08-29 18:47:43,591 INFO Connection check task start

2026-08-29 18:47:43,591 INFO Long connection metrics detail ,Total count =0, sdkCount=0,clusterCount=0

2026-08-29 18:47:43,591 INFO Out dated connection ,size=0

2026-08-29 18:47:43,592 INFO Connection check task end

2026-08-29 18:47:45,442 INFO ConnectionMetrics, totalCount = 0, detail = {long_connection=0, long_polling=0}

2026-08-29 18:47:46,602 INFO Connection check task start

2026-08-29 18:47:46,602 INFO Long connection metrics detail ,Total count =0, sdkCount=0,clusterCount=0

2026-08-29 18:47:46,602 INFO Out dated connection ,size=0

2026-08-29 18:47:46,602 INFO Connection check task end

2026-08-29 18:47:48,444 INFO ConnectionMetrics, totalCount = 0, detail = {long_connection=0, long_polling=0}

2026-08-29 18:47:49,614 INFO Connection check task start

2026-08-29 18:47:49,614 INFO Long connection metrics detail ,Total count =0, sdkCount=0,clusterCount=0

2026-08-29 18:47:49,614 INFO Out dated connection ,size=0

2026-08-29 18:47:49,614 INFO Connection check task end

2026-08-29 18:47:51,447 INFO ConnectionMetrics, totalCount = 0, detail = {long_connection=0, long_polling=0}

2026-08-29 18:47:52,620 INFO Connection check task start

2026-08-29 18:47:52,620 INFO Long connection metrics detail ,Total count =0, sdkCount=0,clusterCount=0

2026-08-29 18:47:52,620 INFO Out dated connection ,size=0

2026-08-29 18:47:52,620 INFO Connection check task end

2026-08-29 18:47:54,453 INFO ConnectionMetrics, totalCount = 0, detail = {long_connection=0, long_polling=0}

2026-08-29 18:47:55,633 INFO Connection check task start

2026-08-29 18:47:55,633 INFO Long connection metrics detail ,Total count =0, sdkCount=0,clusterCount=0

2026-08-29 18:47:55,634 INFO Out dated connection ,size=0

2026-08-29 18:47:55,634 INFO Connection check task end

2026-08-29 18:47:57,468 INFO ConnectionMetrics, totalCount = 0, detail = {long_connection=0, long_polling=0}

2026-08-29 18:47:58,638 INFO Connection check task start

2026-08-29 18:47:58,638 INFO Long connection metrics detail ,Total count =0, sdkCount=0,clusterCount=0

2026-08-29 18:47:58,639 INFO Out dated connection ,size=0

2026-08-29 18:47:58,639 INFO Connection check task end

2026-08-29 18:48:00,470 INFO ConnectionMetrics, totalCount = 0, detail = {long_connection=0, long_polling=0}

2026-08-29 18:48:01,645 INFO Connection check task start

2026-08-29 18:48:01,645 INFO Long connection metrics detail ,Total count =0, sdkCount=0,clusterCount=0

2026-08-29 18:48:01,645 INFO Out dated connection ,size=0

2026-08-29 18:48:01,645 INFO Connection check task end

2026-08-29 18:48:03,475 INFO ConnectionMetrics, totalCount = 0, detail = {long_connection=0, long_polling=0}

2026-08-29 18:48:04,659 INFO Connection check task start

2026-08-29 18:48:04,659 INFO Long connection metrics detail ,Total count =0, sdkCount=0,clusterCount=0

2026-08-29 18:48:04,659 INFO Out dated connection ,size=0

2026-08-29 18:48:04,659 INFO Connection check task end

2026-08-29 18:48:06,484 INFO ConnectionMetrics, totalCount = 0, detail = {long_connection=0, long_polling=0}

2026-08-29 18:48:07,662 INFO Connection check task start

2026-08-29 18:48:07,662 INFO Long connection metrics detail ,Total count =0, sdkCount=0,clusterCount=0

2026-08-29 18:48:07,663 INFO Out dated connection ,size=0

2026-08-29 18:48:07,663 INFO Connection check task end

2026-08-29 18:48:09,491 INFO ConnectionMetrics, totalCount = 0, detail = {long_connection=0, long_polling=0}

2026-08-29 18:48:10,674 INFO Connection check task start

2026-08-29 18:48:10,674 INFO Long connection metrics detail ,Total count =0, sdkCount=0,clusterCount=0

2026-08-29 18:48:10,674 INFO Out dated connection ,size=0

2026-08-29 18:48:10,674 INFO Connection check task end

2026-08-29 18:48:12,496 INFO ConnectionMetrics, totalCount = 0, detail = {long_connection=0, long_polling=0}

2026-08-29 18:48:13,682 INFO Connection check task start

2026-08-29 18:48:13,682 INFO Long connection metrics detail ,Total count =0, sdkCount=0,clusterCount=0

2026-08-29 18:48:13,682 INFO Out dated connection ,size=0

2026-08-29 18:48:13,682 INFO Connection check task end

2026-08-29 18:48:15,503 INFO ConnectionMetrics, totalCount = 0, detail = {long_connection=0, long_polling=0}

2026-08-29 18:48:16,688 INFO Connection check task start

2026-08-29 18:48:16,688 INFO Long connection metrics detail ,Total count =0, sdkCount=0,clusterCount=0

2026-08-29 18:48:16,688 INFO Out dated connection ,size=0

2026-08-29 18:48:16,688 INFO Connection check task end

2026-08-29 18:48:18,507 INFO ConnectionMetrics, totalCount = 0, detail = {long_connection=0, long_polling=0}

2026-08-29 18:48:19,689 INFO Connection check task start

2026-08-29 18:48:19,689 INFO Long connection metrics detail ,Total count =0, sdkCount=0,clusterCount=0

2026-08-29 18:48:19,689 INFO Out dated connection ,size=0

2026-08-29 18:48:19,690 INFO Connection check task end

2026-08-29 18:48:21,511 INFO ConnectionMetrics, totalCount = 0, detail = {long_connection=0, long_polling=0}

